Date,Open,High,Low,Last,Close,Total Trade Quantity,Turnover (Lacs)
2012-11-16,4714.0,4763.95,4710.85,4730.0,4724.65,10664.0,503.64
2012-11-19,4650.0,4847.7,4575.0,4590.05,4599.2,52134.0,2427.27
2012-11-20,4650.0,4650.0,4598.0,4624.0,4609.4,40332.0,1858.69
2012-11-21,4620.0,4644.0,4599.95,4630.0,4627.4,27333.0,1264.09
2012-11-22,4627.05,4645.45,4583.35,4619.5,4620.1,24653.0,1138.99
2012-11-23,4586.0,4629.9,4580.0,4620.0,4619.55,22522.0,1036.97
2012-11-26,4630.0,4710.0,4583.0,4583.0,4599.75,17469.0,812.71
2012-11-27,4689.0,4689.0,4600.0,4638.9,4620.4,12251.0,568.34
2012-11-29,4676.4,5544.45,4630.15,4675.0,4747.65,38059.0,1812.23
2012-11-30,4774.9,4900.0,4630.0,4800.0,4767.4,46425.0,2200.46
2012-12-03,4849.9,4849.9,4655.65,4700.0,4687.85,17270.0,814.94
2012-12-04,4738.0,4790.0,4707.05,4777.0,4781.1,14084.0,672.02
2012-12-05,4794.0,4840.0,4794.0,4810.0,4815.45,7535.0,362.49
2012-12-06,4838.0,4864.0,4782.2,4810.0,4813.4,6236.0,300.56
2012-12-07,4840.0,4840.0,4800.0,4825.0,4827.5,31715.0,1530.34
2012-12-10,4875.8,4875.8,4776.0,4810.0,4806.6,13085.0,628.78
2012-12-11,4800.1,4860.0,4650.0,4848.95,4827.6,14396.0,691.23
2012-12-12,4899.0,4899.0,4755.0,4817.0,4818.2,5263.0,253.54
2012-12-13,4839.9,4851.0,4790.0,4835.0,4841.85,8540.0,412.66
2012-12-14,4717.3,4892.0,4717.3,4782.7,4796.55,7409.0,355.94
2012-12-17,4830.0,4830.0,4772.3,4790.0,4789.1,14830.0,713.47
2012-12-18,4770.45,4850.0,4770.2,4799.0,4796.15,63282.0,3038.07
2012-12-19,4776.4,4945.0,4772.0,4940.0,4912.65,43974.0,2144.83
2012-12-20,4929.0,4945.0,4872.0,4889.9,4886.15,12695.0,621.14
2012-12-21,4887.0,4965.0,4877.1,4900.0,4900.5,37648.0,1846.03
2012-12-24,4905.05,4905.05,4806.2,4827.0,4828.5,4266.0,206.39
2012-12-26,4818.6,4870.0,4799.65,4848.0,4841.8,42611.0,2062.44
2012-12-27,4830.0,5024.2,4830.0,4990.0,4949.95,38715.0,1904.02
2012-12-28,4989.0,4990.95,4932.1,4964.0,4965.05,13262.0,659.07
2012-12-31,4997.65,5015.95,4936.0,4987.0,4992.3,11764.0,587.48
2013-01-01,5001.0,5001.0,4925.0,4965.0,4951.6,4220.0,210.09
2013-01-02,4988.95,5050.0,4932.0,4936.15,4974.3,45666.0,2273.62
2013-01-03,4975.05,4979.8,4866.0,4891.7,4899.2,21674.0,1066.57
2013-01-04,4905.3,4935.0,4862.6,4875.0,4875.85,12996.0,635.82
2013-01-07,4949.85,4949.85,4852.35,4875.05,4874.15,30739.0,1502.58
2013-01-08,4875.0,4918.95,4867.65,4883.05,4894.95,117547.0,5763.2
2013-01-09,4881.35,4964.9,4880.0,4948.0,4947.7,31909.0,1578.86
2013-01-10,4948.0,4975.95,4840.0,4852.0,4857.95,22108.0,1084.58
2013-01-11,4894.6,4895.95,4819.95,4845.0,4839.6,11815.0,571.95
2013-01-14,4979.95,4980.0,4876.3,4895.0,4894.95,17080.0,836.56
2013-01-15,4880.15,4899.2,4821.45,4825.0,4857.3,14141.0,687.04
2013-01-16,4856.95,4872.75,4826.0,4850.0,4839.2,4513.0,218.91
2013-01-17,4878.9,4878.9,4791.0,4808.0,4797.55,7807.0,376.4
2013-01-18,4831.7,4859.9,4786.6,4800.0,4797.0,13335.0,644.55
2013-01-21,4852.0,4852.0,4782.0,4797.0,4794.85,13066.0,626.55
2013-01-22,4776.0,4827.65,4681.0,4690.0,4700.75,12694.0,603.97
2013-01-23,4779.8,4779.8,4475.0,4500.0,4503.1,49043.0,2245.24
2013-01-24,4550.2,4574.0,4510.15,4569.9,4549.3,14506.0,658.72
2013-01-25,4550.05,4670.0,4524.0,4646.0,4650.1,15375.0,709.65
2013-01-28,4698.0,4698.0,4570.05,4590.1,4596.85,26792.0,1233.43
2013-01-29,4690.0,4690.0,4562.35,4635.0,4602.45,24267.0,1115.62
2013-01-30,4635.2,4698.0,4602.0,4675.0,4649.2,15340.0,712.09
2013-01-31,4651.0,4797.1,4621.45,4753.0,4745.55,35395.0,1662.86
2013-02-01,4670.15,4789.9,4634.2,4720.0,4692.65,23148.0,1085.44
2013-02-04,4747.0,4760.0,4655.0,4752.0,4739.65,8728.0,412.44
2013-02-05,4789.8,4789.8,4701.6,4750.0,4745.5,23112.0,1100.97
2013-02-06,4761.95,4783.0,4706.5,4718.1,4715.6,3672.0,173.89
2013-02-07,4743.2,4770.0,4701.0,4707.0,4705.05,3140.0,148.29
2013-02-08,4717.05,4759.2,4632.0,4640.9,4643.4,9467.0,443.72
2013-02-11,4657.45,4710.0,4570.35,4620.0,4604.55,25377.0,1183.19
2013-02-12,4656.0,4656.65,4580.0,4636.5,4622.65,23744.0,1097.2
2013-02-13,4608.5,4647.7,4599.9,4620.0,4612.7,13528.0,624.66
2013-02-14,4620.25,4633.9,4570.0,4610.0,4597.7,33865.0,1559.38
2013-02-15,4582.05,4607.0,4565.1,4605.0,4597.45,7213.0,331.1
2013-02-18,4605.0,4620.8,4557.0,4579.95,4566.9,14948.0,683.78
2013-02-19,4589.6,4604.9,4571.15,4600.0,4598.9,4883.0,224.35
2013-02-20,4651.8,4651.8,4581.0,4603.0,4604.2,350936.0,16175.0
2013-02-21,4600.0,4645.0,4572.65,4588.0,4593.5,98113.0,4513.97
2013-02-22,4644.65,4747.7,4608.0,4630.0,4629.1,77755.0,3598.85
2013-02-25,4606.4,4689.9,4600.0,4655.0,4654.55,49964.0,2325.3
2013-02-26,4615.4,4665.45,4601.1,4630.0,4617.35,22988.0,1060.42
2013-02-27,4632.6,4699.0,4625.15,4680.0,4670.05,85135.0,3978.43
2013-02-28,4699.85,4789.85,4699.8,4765.0,4761.8,158717.0,7556.58
2013-03-01,4760.0,4779.8,4680.05,4700.0,4696.85,7694.0,362.1
2013-03-04,4716.15,4764.9,4714.0,4724.95,4738.8,22273.0,1057.71
2013-03-05,4722.6,4750.0,4685.0,4722.0,4725.0,26862.0,1269.19
2013-03-06,4749.9,4750.0,4720.0,4735.0,4735.75,44725.0,2118.35
2013-03-07,4713.4,4729.9,4700.0,4705.8,4709.5,5617.0,264.55
2013-03-08,4728.95,4775.0,4712.65,4765.0,4768.65,20236.0,961.67
2013-03-11,4751.45,4797.9,4710.0,4735.0,4721.65,10874.0,515.6
2013-03-12,4705.0,4769.0,4675.0,4704.0,4697.95,4088.0,192.49
2013-03-13,4687.0,4725.0,4669.95,4670.05,4688.7,7714.0,362.3
2013-03-14,4685.1,4730.0,4675.05,4705.0,4706.3,5463.0,256.59
2013-03-15,4700.0,4818.0,4629.65,4799.9,4725.2,33258.0,1568.03
2013-03-18,4735.0,4759.8,4655.55,4661.4,4677.0,36278.0,1698.74
2013-03-19,4698.95,4705.0,4640.0,4675.0,4679.5,13171.0,615.52
2013-03-20,4700.0,4710.0,4640.0,4700.0,4699.9,12928.0,606.85
2013-03-21,4625.0,4774.7,4625.0,4725.0,4756.5,14619.0,688.91
2013-03-22,4725.0,4754.75,4660.0,4749.9,4706.75,13594.0,639.21
2013-03-25,4681.25,4867.7,4566.0,4607.0,4610.25,140430.0,6541.14
2013-03-26,4590.05,4636.1,4555.0,4575.05,4567.95,39066.0,1799.9
2013-03-28,4599.95,4619.75,4533.0,4610.0,4588.2,27763.0,1276.26
2013-04-01,4675.0,4679.9,4600.0,4615.0,4622.85,9775.0,452.3
2013-04-02,4581.0,4640.0,4581.0,4635.0,4622.05,4837.0,223.2
2013-04-03,4610.0,4660.0,4610.0,4650.0,4645.9,6997.0,324.9
2013-04-04,4605.2,4649.75,4535.0,4560.0,4552.6,6671.0,305.77
2013-04-05,4625.0,4625.0,4433.0,4450.0,4454.3,19451.0,874.96
2013-04-08,4500.05,4524.95,4448.1,4459.0,4452.85,7608.0,339.58
2013-04-09,4515.0,4515.0,4440.0,4455.0,4460.1,5571.0,248.91
2013-04-10,4514.9,4530.0,4460.0,4500.25,4513.8,121812.0,5453.31
2013-04-11,4600.0,4600.0,4500.0,4510.0,4511.8,41826.0,1888.43
2013-04-12,4490.0,4540.0,4472.65,4522.0,4520.7,9713.0,438.41
2013-04-15,4525.0,4598.0,4525.0,4585.0,4585.3,7486.0,341.87
2013-04-16,4584.9,4620.0,4551.65,4619.75,4619.4,28847.0,1327.45
2013-04-17,4650.0,4679.85,4602.0,4640.0,4662.15,59251.0,2747.33
2013-04-18,4689.0,4689.0,4609.0,4680.0,4670.8,21655.0,1011.67
2013-04-22,4610.0,4710.0,4610.0,4690.0,4698.0,50694.0,2372.41
2013-04-23,4675.1,4704.0,4632.05,4660.0,4655.55,87560.0,4114.06
2013-04-25,4707.0,4725.0,4611.55,4714.05,4714.1,18087.0,851.39
2013-04-26,4615.0,4749.9,4615.0,4730.0,4730.15,19089.0,904.73
2013-04-29,4750.0,4775.0,4718.4,4735.0,4734.95,16744.0,794.09
2013-04-30,4712.0,5060.0,4712.0,4930.0,4981.35,225762.0,11257.98
2013-05-02,4969.6,4969.6,4855.1,4930.0,4927.8,47424.0,2343.42
2013-05-03,4870.0,4936.75,4870.0,4910.3,4905.0,6023.0,295.25
2013-05-06,4899.95,4938.75,4890.0,4896.0,4895.6,2939.0,144.1
2013-05-07,4899.0,4919.7,4875.0,4875.0,4885.1,5409.0,264.76
2013-05-08,4885.0,4947.85,4884.9,4920.0,4929.7,11628.0,572.58
2013-05-09,4933.0,4935.0,4900.0,4901.0,4915.55,13686.0,672.58
2013-05-10,4900.0,4930.9,4882.65,4900.0,4899.0,25671.0,1260.95
2013-05-11,4911.25,4916.0,4880.05,4916.0,4901.65,840.0,41.13
2013-05-13,4900.0,4949.0,4762.35,4848.2,4848.2,28518.0,1388.33
2013-05-14,4839.95,4899.8,4839.95,4899.8,4881.05,56994.0,2777.36
2013-05-15,4851.0,4960.0,4851.0,4939.0,4939.0,12927.0,637.76
2013-05-16,4853.25,4974.0,4853.25,4937.9,4927.15,42477.0,2101.39
2013-05-17,4949.95,4989.9,4912.95,4980.0,4975.05,37254.0,1850.38
2013-05-20,4975.05,5130.0,4969.75,5100.0,5105.1,154555.0,7858.02
2013-05-21,5110.1,5270.0,5108.5,5245.0,5245.6,48664.0,2544.23
2013-05-22,5260.0,5325.0,5185.0,5185.0,5239.8,28739.0,1518.75
2013-05-23,5290.0,5350.0,5200.0,5280.0,5271.3,58390.0,3081.91
2013-05-24,5308.0,5308.0,5190.0,5239.95,5239.65,14912.0,780.88
2013-05-27,5239.65,5308.9,5195.0,5215.0,5226.5,11410.0,597.69
2013-05-28,5200.2,5271.75,5200.2,5261.9,5251.55,3537.0,185.4
2013-05-29,5251.0,5300.0,5206.15,5245.0,5249.75,42997.0,2258.07
2013-05-30,5245.05,5249.9,5198.95,5224.4,5232.5,5029.0,262.75
2013-05-31,5250.05,5324.0,5230.1,5295.05,5302.25,26090.0,1382.93
2013-06-03,5225.0,5300.0,5225.0,5288.6,5289.25,11026.0,581.74
2013-06-04,5233.0,5347.0,5233.0,5305.0,5291.1,7957.0,421.11
2013-06-05,5300.0,5349.7,5250.0,5256.45,5283.95,9910.0,523.65
2013-06-06,5300.0,5327.9,5250.05,5309.0,5295.5,16572.0,878.85
2013-06-07,5280.0,5321.0,5232.55,5252.0,5253.05,6911.0,364.75
2013-06-10,5299.0,5299.0,5150.0,5163.0,5167.05,13085.0,680.65
2013-06-11,5161.0,5180.0,5085.0,5091.0,5095.2,13332.0,682.04
2013-06-12,5145.0,5236.0,5090.0,5151.0,5154.65,35954.0,1856.11
2013-06-13,5106.0,5190.0,5100.0,5129.0,5114.65,15497.0,798.61
2013-06-14,5114.7,5185.55,5105.25,5149.95,5144.8,13864.0,713.74
2013-06-17,5130.05,5150.0,5053.0,5067.0,5071.5,19907.0,1014.91
2013-06-18,5080.05,5100.0,5050.0,5065.0,5060.8,2470.0,125.29
2013-06-19,5079.9,5114.95,5060.0,5074.0,5087.15,3619.0,183.87
2013-06-20,5070.65,5100.0,5040.05,5054.9,5050.15,9332.0,472.8
2013-06-21,5056.0,5099.95,5002.35,5023.0,5028.65,7811.0,393.98
2013-06-24,5026.0,5028.0,5004.45,5015.0,5014.6,9139.0,458.22
2013-06-25,5024.0,5024.0,4880.2,4895.0,4910.25,33468.0,1641.76
2013-06-26,4891.0,4941.05,4846.0,4875.0,4873.5,12716.0,619.83
2013-06-27,4856.0,5017.0,4856.0,4900.0,4900.5,12040.0,592.75
2013-06-28,4900.85,4935.0,4820.0,4860.0,4854.0,14285.0,693.76
2013-07-01,4869.35,5120.0,4827.0,5106.0,5102.25,16434.0,828.72
2013-07-02,5126.9,5195.0,5092.0,5189.5,5170.9,12105.0,625.12
2013-07-03,5170.0,5188.95,5045.85,5063.0,5061.35,12946.0,660.76
2013-07-04,5095.0,5165.0,5086.0,5150.0,5126.75,14448.0,738.55
2013-07-05,5145.0,5180.0,5126.5,5150.0,5151.2,19280.0,993.63
2013-07-08,5179.8,5180.55,5115.0,5150.25,5133.6,19300.0,992.16
2013-07-09,5148.0,5170.05,5146.4,5150.0,5153.05,13172.0,678.94
2013-07-10,5151.05,5180.0,5149.95,5150.0,5153.95,17903.0,922.99
2013-07-11,5174.8,5220.0,5161.0,5210.0,5212.55,19621.0,1020.66
2013-07-12,5213.0,5428.5,5198.0,5410.1,5399.45,31484.0,1676.66
2013-07-15,5390.0,5573.0,5389.95,5560.0,5564.65,24172.0,1336.86
2013-07-16,5565.0,5700.0,5020.0,5700.0,5687.25,29284.0,1652.59
2013-07-17,5685.0,5787.0,5675.4,5751.3,5742.8,31320.0,1805.24
2013-07-18,5725.0,5800.0,5616.35,5749.8,5732.9,18827.0,1077.52
2013-07-19,5677.0,5760.0,5677.0,5710.0,5702.65,21471.0,1228.07
2013-07-22,5708.5,5715.0,5605.15,5605.15,5629.7,17975.0,1017.64
2013-07-23,5635.45,5696.8,5631.0,5660.0,5664.45,8153.0,462.3
2013-07-24,5648.0,5650.0,5560.0,5650.0,5620.95,5225.0,292.6
2013-07-25,5590.05,5668.05,5532.0,5532.0,5578.45,9144.0,512.65
2013-07-26,5533.0,5584.0,5412.2,5431.0,5449.7,18904.0,1032.41
2013-07-29,5450.0,5472.0,5351.0,5352.05,5382.5,14839.0,801.13
2013-07-30,5395.0,5395.0,5301.0,5307.95,5303.7,7415.0,393.91
2013-07-31,5324.0,5324.0,5223.55,5315.0,5293.5,10433.0,549.29
2013-08-01,5280.0,5345.0,5199.95,5250.0,5250.8,10501.0,555.64
2013-08-02,5251.2,5494.0,5205.2,5435.0,5428.15,13595.0,723.14
2013-08-05,5420.0,5420.0,5224.95,5310.0,5315.45,8993.0,476.28
2013-08-06,5275.0,5275.0,5095.0,5112.0,5113.45,28306.0,1451.5
2013-08-07,5125.0,5125.0,4920.0,4950.0,4952.4,14836.0,740.62
2013-08-08,4952.05,5089.75,4859.95,5010.0,5010.85,11050.0,548.78
2013-08-12,5010.0,5129.95,4963.4,5100.1,5114.25,5606.0,285.35
2013-08-13,5111.9,5148.9,5026.65,5124.0,5101.55,4266.0,217.99
2013-08-14,5060.0,5150.0,5051.0,5085.0,5113.9,11409.0,584.48
2013-08-16,5113.9,5113.9,4950.0,4971.0,4985.65,9443.0,473.3
2013-08-19,5097.7,5097.7,4875.1,4940.0,4911.25,11943.0,587.03
2013-08-20,4900.0,4900.05,4760.0,4870.0,4832.5,29068.0,1403.92
2013-08-21,4870.0,4929.95,4850.0,4859.95,4866.15,11084.0,543.23
2013-08-22,4945.0,4945.0,4810.0,4884.95,4872.25,5159.0,250.83
2013-08-23,4851.1,4933.9,4851.1,4865.0,4883.15,27416.0,1347.04
2013-08-26,4860.0,4997.0,4855.0,4874.95,4876.0,6713.0,329.9
2013-08-27,4860.0,4870.15,4700.0,4701.0,4702.75,9808.0,466.38
2013-08-28,4774.0,4774.0,4565.5,4620.0,4620.95,40471.0,1869.94
2013-08-29,4585.0,4716.9,4585.0,4640.0,4675.7,8697.0,404.36
2013-08-30,4699.65,4950.0,4699.65,4920.0,4896.7,47755.0,2324.89
2013-09-02,4897.0,4980.0,4889.95,4951.0,4967.15,10984.0,545.28
2013-09-03,4822.3,4974.95,4822.3,4910.0,4922.65,15216.0,753.18
2013-09-04,4925.05,5028.85,4925.0,4990.0,4981.15,36843.0,1834.61
2013-09-05,4932.1,5096.85,4929.95,5020.0,4998.1,21076.0,1058.66
2013-09-06,5025.0,5039.8,4955.0,5020.0,5008.35,17841.0,893.08
2013-09-10,5010.0,5055.1,4990.0,5017.0,5010.75,20737.0,1039.86
2013-09-11,5000.0,5100.0,4999.0,5065.0,5054.1,62990.0,3184.07
2013-09-12,5001.0,5050.0,4960.0,4960.0,4986.25,16802.0,840.63
2013-09-13,4986.25,5002.0,4936.0,4960.1,4958.35,25642.0,1280.71
2013-09-16,4975.0,5026.5,4770.0,4800.1,4852.8,9897.0,486.37
2013-09-17,4872.0,5018.9,4850.0,4999.95,4981.05,17163.0,854.25
2013-09-18,5000.95,5035.0,4935.2,5025.0,5018.95,18827.0,944.0
2013-09-19,5020.35,5060.1,4989.85,5040.0,5029.3,60602.0,3045.52
2013-09-20,4990.0,5040.0,4933.4,5000.0,5024.7,7553.0,377.87
2013-09-23,4975.0,5038.7,4900.0,4924.0,4943.0,19049.0,942.15
2013-09-24,4925.05,4997.85,4883.4,4947.0,4936.8,14139.0,699.42
2013-09-25,5000.0,5000.0,4903.05,4950.0,4941.5,20900.0,1032.77
2013-09-26,4985.0,5080.0,4951.0,5051.0,5034.4,121040.0,6056.59
2013-09-27,5070.0,5124.0,4992.0,5100.1,5098.1,24799.0,1258.77
2013-09-30,5081.1,5279.0,5081.1,5148.0,5219.55,33685.0,1734.34
2013-10-01,5148.0,5220.0,5111.05,5200.0,5190.5,21305.0,1105.49
2013-10-03,5200.2,5250.0,5101.0,5125.0,5157.05,26837.0,1391.91
2013-10-04,5219.0,5219.0,5055.0,5055.0,5082.1,18305.0,938.85
2013-10-07,5110.0,5110.0,5033.4,5050.0,5070.4,24809.0,1259.83
2013-10-08,5069.95,5069.95,5002.1,5025.0,5013.65,5996.0,301.99
2013-10-09,5029.0,5095.95,5002.05,5050.0,5057.4,24578.0,1241.69
2013-10-10,5093.0,5129.0,5037.0,5124.0,5115.15,22797.0,1160.04
2013-10-11,5116.0,5119.0,5021.0,5051.0,5054.75,9147.0,462.9
2013-10-14,5099.3,5110.0,5052.0,5100.0,5093.3,12623.0,642.75
2013-10-15,5111.0,5368.95,5100.0,5290.0,5288.25,74963.0,3961.05
2013-10-17,5305.55,5518.7,5305.55,5490.0,5468.4,89874.0,4915.18
2013-10-18,5492.0,5569.95,5492.0,5525.0,5529.55,54203.0,2996.71
2013-10-21,5535.0,5578.8,5462.2,5509.0,5510.5,24666.0,1359.46
2013-10-22,5539.8,5640.0,5512.35,5634.0,5604.65,28120.0,1562.6
2013-10-23,5610.65,5651.7,5572.2,5572.2,5619.2,18920.0,1065.81
2013-10-24,5600.0,5625.0,5502.5,5560.0,5562.4,7454.0,414.4
2013-10-25,5500.0,5552.15,5500.0,5535.0,5533.2,10914.0,604.09
2013-10-28,5500.0,5600.0,5395.25,5600.0,5576.0,16085.0,885.99
2013-10-29,5530.0,5608.25,5510.0,5600.0,5592.25,21207.0,1179.09
2013-10-30,5599.95,5604.95,5512.1,5599.0,5597.35,23304.0,1298.34
2013-10-31,5520.0,5600.25,5520.0,5600.0,5596.95,47672.0,2659.04
2013-11-01,5594.0,5747.9,5591.0,5745.0,5716.0,58751.0,3319.18
2013-11-03,5716.25,5780.0,5716.25,5731.0,5757.4,4556.0,262.15
2013-11-05,5735.0,5798.9,5699.0,5747.0,5732.85,29934.0,1721.02
2013-11-06,5695.0,5725.0,5580.0,5651.0,5607.4,28120.0,1579.94
2013-11-07,5600.2,5751.0,5600.2,5745.0,5735.75,42990.0,2447.64
2013-11-08,5700.0,5844.0,5660.0,5765.0,5763.15,117812.0,6803.21
2013-11-11,5700.0,5773.95,5590.0,5624.0,5615.15,29174.0,1660.39
2013-11-12,5630.0,5725.0,5630.0,5641.0,5661.35,20390.0,1159.42
2013-11-13,5620.0,5709.95,5580.3,5598.0,5599.35,31544.0,1787.08
2013-11-14,5630.0,5675.0,5606.1,5675.0,5643.0,23346.0,1316.61
2013-11-18,5655.0,5700.45,5622.0,5657.0,5674.45,47371.0,2681.51
2013-11-19,5705.0,5705.0,5581.95,5625.0,5603.9,40999.0,2302.48
2013-11-20,5605.0,5623.75,5517.05,5541.05,5548.2,29692.0,1656.55
2013-11-21,5575.0,5585.0,5470.0,5481.2,5490.8,75959.0,4183.8
2013-11-22,5580.0,5582.95,5422.4,5479.0,5458.45,60751.0,3328.69
2013-11-25,5480.0,5535.0,5390.0,5400.0,5435.9,113016.0,6151.12
2013-11-26,5448.0,5494.0,5111.0,5178.9,5298.65,746123.0,39779.75
2013-11-27,5215.0,5553.0,5156.0,5361.0,5437.05,264618.0,14177.99
2013-11-28,5375.0,5384.0,5200.0,5235.0,5224.4,82022.0,4324.38
2013-11-29,5245.0,5266.0,5111.0,5135.0,5145.05,69683.0,3607.77
2013-12-02,5180.0,5244.0,5160.0,5200.0,5187.9,26676.0,1388.12
2013-12-03,5210.0,5224.9,5080.0,5095.0,5099.05,25971.0,1333.15
2013-12-04,5095.0,5144.8,5013.5,5022.1,5032.8,24826.0,1257.57
2013-12-05,5020.0,5144.0,5020.0,5091.0,5095.3,22708.0,1158.55
2013-12-06,5082.0,5126.0,5042.0,5063.95,5067.55,27042.0,1372.42
2013-12-09,5105.05,5147.15,5021.0,5031.85,5040.5,46911.0,2389.62
2013-12-10,5025.0,5089.9,5010.0,5020.0,5021.1,37364.0,1879.45
2013-12-11,5022.0,5037.85,4990.0,5002.0,5004.05,20244.0,1013.12
2013-12-12,5039.8,5075.0,4997.0,5000.0,5007.75,23140.0,1165.52
2013-12-13,4978.0,5042.0,4895.0,4911.1,4920.75,28675.0,1423.96
2013-12-16,4950.0,5113.9,4925.05,5045.0,5048.9,31915.0,1610.28
2013-12-17,5015.0,5198.0,5015.0,5175.0,5174.25,45111.0,2329.93
2013-12-18,5151.0,5250.0,5151.0,5235.0,5236.7,74008.0,3871.87
2013-12-19,5250.0,5375.0,5177.0,5340.0,5331.65,57376.0,3035.26
2013-12-20,5282.0,5530.0,5282.0,5480.0,5464.2,54174.0,2940.37
2013-12-23,5498.0,5545.0,5400.0,5492.0,5504.7,54610.0,2994.91
2013-12-24,5520.0,5545.0,5370.95,5409.75,5399.25,27138.0,1481.09
2013-12-26,5411.0,5443.7,5350.0,5350.0,5363.45,12052.0,648.88
2013-12-27,5373.0,5450.25,5328.0,5339.9,5339.25,9382.0,504.41
2013-12-30,5340.0,5395.0,5331.0,5350.0,5349.55,15329.0,820.59
2013-12-31,5351.0,5382.0,5260.0,5280.0,5289.25,11585.0,615.29
2014-01-01,5290.0,5343.0,5290.0,5315.0,5311.8,6358.0,338.18
2014-01-02,5325.75,5354.0,5193.95,5300.0,5280.15,25984.0,1380.52
2014-01-03,5365.0,5600.0,5311.0,5326.0,5333.6,91165.0,4935.75
2014-01-06,5376.0,5444.0,5340.0,5401.0,5387.65,25288.0,1362.3
2014-01-07,5413.95,5440.0,5365.0,5397.0,5381.9,19645.0,1060.05
2014-01-08,5394.9,5427.9,5379.9,5424.0,5422.4,20048.0,1086.21
2014-01-09,5425.0,5435.0,5365.0,5380.0,5372.85,8235.0,443.38
2014-01-10,5390.0,5450.0,5351.0,5440.0,5405.95,29411.0,1584.14
2014-01-13,5440.0,5447.95,5380.0,5425.0,5426.9,17380.0,940.89
2014-01-14,5410.0,5414.95,5351.0,5380.0,5379.45,16904.0,909.89
2014-01-15,5360.0,5400.0,5215.0,5241.0,5237.15,27664.0,1470.2
2014-01-16,5260.0,5320.0,5125.0,5130.0,5130.35,25175.0,1302.01
2014-01-17,5150.0,5265.0,5150.0,5229.8,5238.05,24567.0,1282.45
2014-01-20,5224.0,5229.0,5181.8,5191.0,5200.9,8983.0,467.33
2014-01-21,5200.9,5202.0,5150.0,5167.0,5177.25,8048.0,416.96
2014-01-22,5175.0,5175.15,5135.0,5135.0,5144.8,15903.0,818.95
2014-01-23,5190.0,5190.0,5075.0,5080.0,5083.55,45061.0,2310.65
2014-01-24,5083.55,5123.0,5068.0,5070.0,5081.2,35944.0,1828.76
2014-01-27,5066.0,5121.0,5021.0,5050.0,5050.1,13535.0,686.1
2014-01-28,5050.0,5059.15,4950.0,4957.0,4959.35,16842.0,843.05
2014-01-29,4990.0,5041.0,4962.0,5034.55,5033.2,23174.0,1165.29
2014-01-30,5010.0,5033.2,4925.0,4960.0,4945.8,22742.0,1125.82
2014-01-31,5039.0,5091.0,4902.4,5040.0,5047.15,36790.0,1836.58
2014-02-03,4993.0,5047.3,4920.0,4951.0,4938.65,20562.0,1027.51
2014-02-04,4920.0,5010.75,4920.0,4962.0,4960.45,19822.0,985.55
2014-02-05,4962.0,5038.9,4960.0,5004.45,5013.15,27946.0,1404.13
2014-02-06,4985.3,5029.75,4980.1,4993.0,4999.55,23324.0,1166.89
2014-02-07,5000.0,5040.0,5000.0,5008.0,5016.25,31810.0,1596.74
2014-02-10,5000.0,5041.0,4986.05,5032.9,5034.55,13372.0,672.98
2014-02-11,5005.3,5134.55,5005.3,5060.0,5057.9,21365.0,1081.94
2014-02-12,5023.0,5115.0,5023.0,5080.0,5055.4,58546.0,2978.48
2014-02-13,5100.0,5198.0,5075.05,5100.0,5098.85,46941.0,2405.08
2014-02-14,5085.0,5140.0,5050.0,5078.0,5082.85,20048.0,1023.69
2014-02-17,5000.0,5084.7,4950.0,5000.6,5004.3,80190.0,4057.71
2014-02-18,4965.0,5047.0,4965.0,5016.1,5024.75,11263.0,565.93
2014-02-19,5034.4,5080.05,5028.8,5060.0,5058.1,12194.0,616.92
2014-02-20,5033.0,5063.7,5031.05,5040.0,5043.4,43415.0,2193.98
2014-02-21,5012.0,5080.0,5012.0,5036.1,5057.25,30584.0,1546.47
2014-02-24,5022.0,5064.95,5009.95,5039.75,5043.2,98368.0,4969.07
2014-02-25,5015.0,5043.9,4980.1,4998.05,5000.65,65242.0,3269.28
2014-02-26,4965.0,5023.9,4965.0,4995.0,4998.8,107454.0,5373.08
2014-02-28,4982.1,5013.55,4774.85,4840.0,4864.5,849082.0,41568.51
2014-03-03,4861.0,4875.1,4632.0,4668.0,4656.9,58905.0,2777.15
2014-03-04,4675.0,4720.0,4647.0,4710.0,4710.5,30490.0,1431.96
2014-03-05,4735.0,4824.95,4715.0,4819.9,4777.05,33003.0,1567.76
2014-03-06,4775.0,4885.0,4775.0,4870.0,4863.4,26772.0,1296.55
2014-03-07,4873.4,4930.0,4856.75,4914.0,4910.9,47856.0,2346.99
2014-03-10,4920.0,4929.0,4763.0,4791.0,4800.5,31069.0,1492.85
2014-03-11,4875.0,4875.0,4762.5,4800.0,4798.8,12620.0,605.43
2014-03-12,4809.8,4819.45,4780.0,4790.0,4794.4,16791.0,805.52
2014-03-13,4801.2,4816.95,4750.0,4780.0,4786.0,22001.0,1052.49
2014-03-14,4796.8,4796.8,4712.0,4780.0,4758.65,33516.0,1591.42
2014-03-18,4815.0,4900.0,4711.6,4839.9,4791.2,31733.0,1512.93
2014-03-19,4809.8,4857.5,4800.1,4823.0,4820.5,27111.0,1306.78
2014-03-20,4846.0,4846.0,4805.25,4826.0,4825.35,11438.0,551.77
2014-03-21,4820.0,4865.0,4720.0,4728.0,4731.4,32688.0,1554.81
2014-03-22,4741.4,4792.0,4739.95,4778.0,4777.35,2281.0,108.95
2014-03-24,4780.0,4794.8,4706.0,4717.0,4721.3,23639.0,1116.62
2014-03-25,4722.0,4749.9,4707.0,4720.0,4720.1,20849.0,984.67
2014-03-26,4755.0,4789.0,4710.0,4779.0,4771.15,38549.0,1829.23
2014-03-27,4782.0,4925.0,4732.45,4900.0,4859.75,67652.0,3252.16
2014-03-28,4900.0,4995.0,4845.0,4948.0,4964.65,47608.0,2349.91
2014-03-31,4925.0,5070.0,4925.0,5060.2,5028.75,52068.0,2610.49
2014-04-01,5069.0,5070.0,4832.5,4850.0,4847.85,70637.0,3435.48
2014-04-02,4899.95,4910.0,4845.55,4873.25,4865.55,53920.0,2629.83
2014-04-03,4895.0,4909.95,4839.85,4875.0,4885.7,33789.0,1645.0
2014-04-04,4875.0,4890.0,4825.0,4846.0,4835.85,29026.0,1404.8
2014-04-07,4875.0,4952.6,4825.0,4949.9,4917.25,37955.0,1858.8
2014-04-09,4900.0,4994.95,4900.0,4929.0,4929.65,30700.0,1518.89
2014-04-10,4913.65,4984.3,4838.5,4860.0,4881.3,49036.0,2404.37
2014-04-11,4881.0,4894.1,4825.0,4825.0,4829.65,19973.0,966.42
2014-04-15,4828.9,4889.4,4770.0,4850.1,4833.8,44856.0,2151.37
2014-04-16,4849.8,4859.65,4770.0,4775.0,4779.15,13330.0,640.15
2014-04-17,4805.0,4805.0,4750.05,4755.0,4763.25,28832.0,1373.19
2014-04-21,4800.0,4800.0,4717.0,4720.0,4723.5,23459.0,1110.34
2014-04-22,4728.65,4755.0,4713.0,4728.0,4722.75,23654.0,1118.54
2014-04-23,4746.0,4760.0,4715.0,4732.0,4728.95,18229.0,862.67
2014-04-25,4726.0,4796.7,4726.0,4775.0,4776.55,26510.0,1264.23
2014-04-28,4764.0,4796.05,4700.0,4700.0,4705.25,18005.0,850.07
2014-04-29,4705.0,4749.9,4703.1,4720.0,4725.25,19585.0,925.02
2014-04-30,4705.3,4780.0,4685.0,4765.0,4768.8,31905.0,1514.88
2014-05-02,4755.0,4794.85,4721.0,4733.75,4733.75,8154.0,387.85
2014-05-05,4745.0,4775.0,4703.6,4708.0,4709.9,77698.0,3661.06
2014-05-06,4706.0,4759.85,4670.1,4680.05,4686.55,375624.0,17690.89
2014-05-07,4709.0,4724.8,4665.05,4698.0,4681.05,40394.0,1900.76
2014-05-08,4681.05,4725.0,4681.05,4701.0,4698.0,308609.0,14534.29
2014-05-09,4700.0,4795.0,4690.35,4772.0,4781.9,90866.0,4284.54
2014-05-12,4795.0,4848.0,4746.9,4839.3,4841.6,37350.0,1797.02
2014-05-13,4800.35,4880.0,4800.35,4853.35,4873.5,50324.0,2432.23
2014-05-14,4798.85,4798.85,4725.1,4779.0,4775.2,255642.0,12184.5
2014-05-15,4747.0,4774.95,4680.0,4707.05,4708.8,26384.0,1244.62
2014-05-16,4798.0,4798.0,4605.05,4628.0,4630.15,44030.0,2051.8
2014-05-19,4650.0,4673.1,4561.05,4575.0,4585.85,26462.0,1215.82
2014-05-20,4580.0,4585.0,4525.0,4575.0,4565.95,219523.0,9994.45
2014-05-21,4571.0,4700.05,4550.0,4690.0,4693.15,26110.0,1211.01
2014-05-22,4696.1,4758.0,4663.0,4745.0,4733.95,266403.0,12585.72
2014-05-23,4764.95,4783.9,4696.0,4745.95,4744.25,26238.0,1242.87
2014-05-26,4787.0,4787.0,4725.0,4750.0,4743.6,34539.0,1634.95
2014-05-27,4725.0,4750.0,4722.75,4740.0,4737.75,25860.0,1224.52
2014-05-28,4725.05,4798.0,4725.0,4777.0,4767.75,23598.0,1122.14
2014-05-29,4750.1,4799.0,4731.05,4797.0,4784.05,21004.0,999.83
2014-05-30,4752.0,5080.0,4738.0,4899.0,4961.0,121025.0,5965.6
2014-06-02,4951.15,4951.15,4788.15,4799.95,4799.65,18940.0,915.99
2014-06-03,4780.0,4878.0,4780.0,4810.0,4809.75,11655.0,562.45
2014-06-04,4800.0,4839.55,4761.0,4772.0,4769.6,14767.0,708.14
2014-06-05,4763.05,4892.35,4763.05,4850.0,4852.15,86225.0,4170.43
2014-06-06,4858.0,4945.0,4825.05,4908.0,4921.0,29092.0,1428.1
2014-06-09,4912.0,4930.0,4879.0,4893.3,4892.55,29708.0,1457.87
2014-06-10,4885.0,4990.0,4865.0,4965.0,4965.2,27688.0,1365.11
2014-06-11,4965.0,5025.0,4916.35,5000.0,5015.55,31797.0,1589.11
2014-06-12,4975.0,5019.0,4955.05,4982.0,4997.95,36664.0,1830.69
2014-06-13,4967.0,5005.1,4930.0,4948.95,4971.95,50838.0,2516.24
2014-06-16,4938.0,5023.15,4903.2,5008.0,5006.0,17050.0,848.1
2014-06-17,4975.0,5012.5,4963.9,5009.0,5004.2,37810.0,1884.14
2014-06-18,4980.1,5039.0,4911.0,4948.0,4956.7,17682.0,882.52
2014-06-19,4915.0,4983.95,4915.0,4930.0,4939.5,11429.0,565.87
2014-06-20,4912.0,4990.0,4866.0,4975.0,4938.15,23176.0,1141.92
2014-06-23,4960.0,4960.0,4906.15,4920.05,4946.1,12480.0,615.81
2014-06-24,4940.0,4953.4,4910.0,4930.0,4928.8,10206.0,502.98
2014-06-25,4912.0,4964.8,4912.0,4950.0,4950.8,7776.0,384.29
2014-06-26,4915.1,4999.0,4915.1,4974.0,4989.15,11291.0,561.45
2014-06-27,4950.1,4959.95,4901.0,4933.0,4936.7,11729.0,578.17
2014-06-30,4930.0,4949.9,4911.0,4932.0,4929.75,23768.0,1171.54
2014-07-01,4931.0,4964.7,4920.0,4930.0,4933.85,15826.0,780.98
2014-07-02,4935.05,5000.0,4933.85,4964.5,4989.4,14754.0,731.98
2014-07-03,4980.0,5010.0,4934.0,4975.5,4997.95,12909.0,645.21
2014-07-04,5012.0,5050.0,4962.4,4964.0,4973.95,22828.0,1143.36
2014-07-07,4999.0,5089.9,4952.65,4981.05,5022.9,43292.0,2170.07
2014-07-08,5032.0,5048.7,4954.0,4970.0,4983.2,19325.0,969.01
2014-07-09,5020.0,5020.0,4971.0,5005.0,5007.0,16062.0,803.53
2014-07-10,5050.0,5057.0,4831.2,4930.0,4954.35,21222.0,1055.79
2014-07-11,4955.0,5019.95,4933.0,4975.0,4992.0,98763.0,4935.25
2014-07-14,4960.0,4980.1,4925.0,4955.0,4957.7,8282.0,409.83
2014-07-15,4959.0,4967.95,4916.0,4940.05,4946.5,6102.0,301.64
2014-07-16,4946.35,5010.0,4940.0,4947.5,4970.55,59947.0,2970.13
2014-07-17,4958.0,5010.0,4951.0,4975.15,4994.8,9658.0,481.69
2014-07-18,4975.15,5020.0,4955.0,5009.95,5012.8,9756.0,487.36
2014-07-21,4972.1,5055.0,4972.1,5023.05,5038.55,16101.0,808.2
2014-07-22,5013.0,5220.0,5013.0,5190.0,5203.0,49535.0,2563.92
2014-07-23,5202.0,5220.0,5131.0,5150.0,5171.8,7252.0,374.56
2014-07-24,5175.8,5203.1,5101.1,5101.1,5149.1,6883.0,355.54
2014-07-25,5190.0,5248.4,5139.25,5174.85,5166.0,29168.0,1509.61
2014-07-28,5174.85,5224.0,5151.25,5191.0,5186.6,9713.0,503.61
2014-07-30,5126.0,5230.0,5078.0,5180.0,5181.85,27420.0,1406.84
2014-07-31,5174.0,5198.15,5100.55,5101.0,5128.35,23936.0,1229.48
2014-08-01,5143.0,5229.0,5110.0,5220.0,5203.1,23997.0,1246.02
2014-08-04,5222.85,5230.0,5184.4,5214.95,5208.65,19523.0,1016.87
2014-08-05,5195.0,5220.0,5185.0,5200.0,5209.5,14806.0,771.21
2014-08-06,5199.0,5339.95,5162.0,5300.0,5299.65,40783.0,2149.03
2014-08-07,5315.0,5435.5,5300.05,5416.0,5405.0,78269.0,4205.28
2014-08-08,5406.0,5406.0,5290.0,5379.0,5363.35,25949.0,1385.27
2014-08-11,5399.9,5410.0,5280.05,5410.0,5383.15,18665.0,996.24
2014-08-12,5339.5,5425.0,5300.1,5305.0,5334.1,13809.0,738.12
2014-08-13,5301.6,5643.0,5301.6,5608.0,5561.05,69367.0,3812.61
2014-08-14,5595.0,5636.0,5430.0,5475.0,5572.3,27201.0,1504.98
2014-08-18,5560.0,5740.05,5546.15,5675.0,5655.15,27489.0,1553.97
2014-08-19,5608.0,5833.5,5608.0,5768.95,5764.45,33673.0,1941.84
2014-08-20,5706.8,5819.9,5706.0,5799.0,5795.8,14463.0,833.75
2014-08-21,5799.0,5849.9,5750.0,5820.0,5834.05,17630.0,1025.51
2014-08-22,5840.0,5840.0,5783.1,5825.0,5809.25,29979.0,1743.85
2014-08-25,5840.0,5850.0,5786.5,5810.0,5811.7,13921.0,810.73
2014-08-26,5850.0,5890.0,5802.0,5860.0,5868.2,12018.0,703.2
2014-08-27,5897.85,5923.95,5822.45,5890.0,5898.95,18251.0,1073.3
2014-08-28,5855.0,6155.0,5852.0,6076.0,6028.55,72818.0,4339.66
2014-09-01,6050.0,6143.0,6025.0,6030.0,6062.0,13538.0,824.17
2014-09-02,6050.0,6110.0,6048.95,6070.0,6094.05,11653.0,709.59
2014-09-03,6005.1,6200.0,6005.1,6148.0,6149.55,27879.0,1714.99
2014-09-04,6148.5,6299.0,6148.0,6260.0,6252.95,19894.0,1238.37
2014-09-05,6339.8,6339.8,6155.0,6183.0,6187.65,18372.0,1143.05
2014-09-08,6230.0,6470.0,6229.9,6455.0,6399.85,27817.0,1763.79
2014-09-09,6376.1,6475.0,6361.0,6460.0,6410.0,36652.0,2349.2
2014-09-10,6410.0,6439.0,6344.8,6355.0,6380.85,18194.0,1162.01
2014-09-11,6425.0,6620.0,6415.55,6525.0,6552.7,27302.0,1781.34
2014-09-12,6600.0,6600.0,6355.0,6375.0,6384.6,16750.0,1082.5
2014-09-15,6375.0,6497.0,6274.05,6280.2,6318.95,16736.0,1067.28
2014-09-16,6325.0,6469.0,6001.1,6036.0,6146.1,36861.0,2299.66
2014-09-17,6150.0,6169.65,5980.2,6074.0,6088.45,27122.0,1647.68
2014-09-18,6074.95,6245.0,6020.05,6180.0,6224.05,14596.0,900.42
2014-09-19,6225.0,6262.3,5980.0,5987.0,6052.55,22982.0,1401.89
2014-09-22,6001.0,6090.0,5992.0,6023.15,6024.75,10956.0,661.25
2014-09-23,6001.0,6064.85,5881.0,5919.8,5911.15,12186.0,724.39
2014-09-24,5999.0,6150.0,5900.0,6110.05,6129.9,18136.0,1102.82
2014-09-25,6075.0,6248.0,6050.1,6084.5,6109.1,15572.0,953.85
2014-09-26,6109.1,6199.0,6048.0,6161.0,6158.4,15580.0,958.93
2014-09-29,6050.0,6245.7,6050.0,6216.0,6206.45,16365.0,1008.47
2014-09-30,6259.0,6259.0,5925.15,5968.0,5968.65,30783.0,1866.5
2014-10-01,6027.0,6073.8,5960.0,6009.9,6010.95,20819.0,1257.74
2014-10-07,5961.05,5999.9,5947.0,5950.0,5957.65,16251.0,968.23
2014-10-08,5950.0,6023.8,5900.0,5920.0,5926.7,17942.0,1067.33
2014-10-09,5925.0,6059.9,5925.0,5990.0,6023.45,12599.0,759.23
2014-10-10,5965.0,6023.4,5871.05,5885.0,5893.3,17992.0,1064.86
2014-10-13,5910.0,6095.0,5910.0,6039.0,6007.4,20058.0,1203.93
2014-10-14,6006.0,6200.0,5901.0,5910.05,5946.05,20911.0,1261.26
2014-10-16,5922.0,5975.0,5705.0,5729.05,5749.75,23362.0,1364.86
2014-10-17,5794.0,5850.0,5635.0,5663.3,5695.1,19970.0,1146.82
2014-10-20,5705.05,5794.0,5705.05,5785.0,5768.9,10678.0,614.34
2014-10-21,5731.0,5995.0,5731.0,5960.0,5969.85,21550.0,1265.66
2014-10-22,6001.45,6036.95,5911.35,5955.0,5971.75,7677.0,460.08
2014-10-23,6020.0,6022.0,5970.0,6004.0,6009.65,2011.0,120.67
2014-10-27,6010.0,6139.0,6001.0,6110.0,6099.9,25176.0,1528.15
2014-10-28,6142.0,6149.9,5920.0,5955.0,5948.05,20304.0,1225.03
2014-10-29,5947.0,6150.0,5925.15,6132.0,6128.5,36925.0,2240.14
2014-10-30,6061.2,6189.9,6061.2,6099.95,6133.15,20320.0,1245.53
2014-10-31,6133.0,6300.0,6099.95,6286.0,6257.2,29467.0,1831.22
2014-11-03,6261.0,6402.0,6167.05,6400.25,6362.65,32959.0,2066.4
2014-11-05,6400.0,6400.0,6280.1,6350.0,6353.55,16163.0,1025.82
2014-11-07,6379.9,6450.0,6257.0,6445.0,6434.15,18133.0,1158.12
2014-11-10,6447.0,6450.0,6300.0,6330.0,6351.9,12620.0,802.41
2014-11-11,6353.0,6500.0,6344.75,6464.25,6465.65,16984.0,1097.09
2014-11-12,6491.0,6491.0,6305.85,6320.0,6327.5,18033.0,1151.29
2014-11-13,6355.0,6398.15,6283.0,6304.0,6332.6,16297.0,1032.37
2014-11-14,6330.0,6375.0,6280.0,6325.0,6316.5,10907.0,690.02
2014-11-17,6333.7,6337.0,6220.0,6290.0,6292.2,13611.0,853.98
2014-11-18,6292.2,6344.55,6140.0,6160.0,6159.55,26668.0,1655.37
2014-11-19,6125.0,6238.75,6039.0,6080.0,6078.2,20802.0,1276.63
2014-11-20,6100.0,6179.0,6050.0,6125.0,6158.9,16413.0,1006.22
2014-11-21,6110.05,6345.0,6110.05,6337.0,6336.4,26578.0,1670.02
2014-11-24,6273.5,6319.0,6201.0,6300.0,6304.05,13816.0,866.74
2014-11-25,6280.0,6435.7,6269.95,6388.0,6338.55,56122.0,3541.89
2014-11-26,6338.55,6410.0,6240.0,6245.0,6260.35,15788.0,992.43
2014-11-27,6239.0,6309.85,6202.0,6241.1,6225.7,10799.0,673.66
2014-11-28,6200.0,6300.0,6160.0,6230.0,6204.05,19588.0,1216.62
2014-12-01,6191.05,6292.0,6067.95,6100.0,6156.3,46478.0,2903.66
2014-12-02,6120.0,6215.0,6111.0,6195.0,6200.15,12888.0,795.77
2014-12-03,6219.0,6340.0,6219.0,6315.0,6325.1,34351.0,2169.11
2014-12-04,6325.15,6375.0,6290.0,6290.0,6342.9,24684.0,1565.45
2014-12-05,6335.0,6379.95,6260.0,6270.1,6303.1,9393.0,593.93
2014-12-08,6260.0,6350.0,6260.0,6336.0,6335.75,9593.0,607.86
2014-12-09,6300.0,6375.0,6221.1,6250.0,6305.45,9501.0,597.85
2014-12-10,6265.0,6350.0,6260.1,6305.1,6313.4,14021.0,884.96
2014-12-11,6313.4,6359.9,6225.55,6330.0,6265.75,15757.0,992.03
2014-12-12,6300.0,6329.2,6230.0,6230.0,6282.35,12049.0,758.28
2014-12-15,6290.0,6290.0,6082.25,6100.0,6118.45,9859.0,607.0
2014-12-16,6100.0,6199.95,5985.45,6030.0,6036.55,16607.0,1005.47
2014-12-17,6036.0,6139.9,5990.0,6120.0,6052.1,8243.0,498.54
2014-12-18,6137.9,6189.0,6055.0,6140.0,6151.5,9283.0,569.85
2014-12-19,6215.0,6275.0,6120.0,6180.0,6177.8,27382.0,1694.4
2014-12-22,6250.0,6287.75,6180.0,6255.0,6251.8,12987.0,811.25
2014-12-23,6207.0,6280.0,6170.0,6203.9,6201.55,7627.0,473.11
2014-12-24,6152.3,6230.0,6080.0,6170.0,6143.65,16084.0,989.11
2014-12-26,6106.0,6190.0,6106.0,6140.0,6155.45,9234.0,568.9
2014-12-29,6122.0,6207.85,6122.0,6140.0,6148.05,6806.0,419.97
2014-12-30,6140.6,6274.55,6140.6,6234.05,6247.6,10524.0,653.48
2014-12-31,6202.5,6425.05,6190.0,6380.0,6384.85,19425.0,1228.77
2015-01-01,6385.0,6400.0,6300.0,6325.0,6317.95,3025.0,192.26
2015-01-02,6256.05,6366.5,6256.05,6303.0,6331.5,6843.0,433.39
2015-01-05,6370.0,6370.0,6290.0,6320.0,6334.9,10690.0,675.86
2015-01-06,6296.0,6313.05,6220.0,6240.25,6246.8,13159.0,823.81
2015-01-07,6265.0,6308.95,6247.55,6299.9,6272.95,35673.0,2240.94
2015-01-08,6275.0,6345.0,6275.0,6290.0,6300.45,7524.0,475.2
2015-01-09,6370.0,6479.95,6273.5,6450.0,6386.35,20492.0,1304.11
2015-01-12,6420.0,6520.0,6385.5,6480.0,6462.75,47557.0,3065.99
2015-01-13,6470.0,6741.0,6470.0,6695.0,6714.65,55108.0,3681.88
2015-01-14,6735.0,6930.0,6684.95,6796.0,6781.85,37403.0,2556.22
2015-01-15,6869.2,6940.0,6761.05,6805.0,6809.1,59753.0,4077.13
2015-01-16,6762.0,7005.0,6740.05,6988.0,6985.2,49852.0,3474.27
2015-01-19,7005.0,7100.0,6984.55,7070.0,7073.95,35414.0,2501.51
2015-01-20,7073.0,7110.0,7000.0,7030.0,7074.5,28431.0,2009.19
2015-01-21,7087.75,7120.0,7038.1,7080.0,7080.0,31104.0,2199.85
2015-01-22,7075.0,7170.0,7052.0,7109.0,7097.05,54149.0,3848.79
2015-01-23,7148.0,7290.0,7148.0,7254.0,7258.35,45866.0,3326.84
2015-01-27,7258.3,7430.0,7255.95,7345.0,7350.05,45350.0,3338.46
2015-01-28,7345.0,7421.0,7215.05,7265.0,7304.05,23762.0,1733.62
2015-01-29,7300.0,7364.9,7148.0,7210.1,7214.45,22040.0,1591.81
2015-01-30,7220.0,7220.0,7100.0,7115.0,7113.05,30387.0,2166.18
2015-02-02,7113.8,7161.55,6976.35,7050.0,7059.65,24716.0,1741.53
2015-02-03,7111.0,7190.0,6950.0,7090.0,7078.5,18909.0,1335.16
2015-02-04,7078.0,7139.15,6956.0,6980.05,6977.75,6588.0,461.95
2015-02-05,7050.0,7050.0,6810.0,6880.0,6899.15,17043.0,1186.58
2015-02-06,6900.0,6970.0,6850.0,6894.9,6884.55,8881.0,614.77
2015-02-09,6890.0,6930.0,6760.05,6823.0,6835.4,15551.0,1060.65
2015-02-10,6900.0,7018.0,6767.0,6810.0,6794.15,15902.0,1092.41
2015-02-11,6899.0,7000.0,6805.0,6860.0,6881.05,13708.0,946.63
2015-02-12,6885.0,6970.0,6780.3,6799.0,6824.6,12887.0,883.65
2015-02-13,6839.9,7097.8,6830.0,7052.0,7033.65,28685.0,2000.05
2015-02-16,7226.0,7272.0,7102.3,7122.0,7147.35,23895.0,1715.52
2015-02-18,7150.0,7225.0,7060.05,7150.0,7169.3,32189.0,2298.29
2015-02-19,7175.0,7175.0,7013.7,7017.0,7041.7,11509.0,814.15
2015-02-20,7051.0,7237.7,7025.0,7164.0,7176.7,134761.0,9576.16
2015-02-23,7205.2,7205.2,6962.5,7000.0,6999.45,29209.0,2051.83
2015-02-24,7001.9,7079.85,6930.0,7010.0,7009.75,58297.0,4086.62
2015-02-25,7024.2,7075.0,7010.0,7033.05,7052.5,42946.0,3027.48
2015-02-26,7099.7,7099.7,6950.0,7025.0,7019.4,25702.0,1803.3
2015-02-27,7044.65,7058.9,6999.5,7020.0,7020.9,65642.0,4607.31
2015-02-28,7069.95,7098.0,7007.0,7028.0,7023.9,4177.0,294.2
2015-03-02,7049.9,7049.9,6949.95,6972.7,6990.05,26080.0,1823.85
2015-03-03,7040.0,7160.5,6932.3,7112.0,7096.25,26243.0,1847.32
2015-03-04,7164.0,7319.0,7112.95,7267.0,7299.75,45281.0,3291.93
2015-03-05,7300.0,7366.45,7246.3,7294.8,7295.95,30384.0,2218.69
2015-03-09,7297.0,7425.0,7235.0,7379.45,7384.3,21576.0,1580.4
2015-03-10,7386.9,7505.0,7349.45,7370.0,7397.15,18258.0,1358.83
2015-03-11,7389.6,7445.75,7253.0,7275.0,7280.7,19345.0,1413.88
2015-03-12,7300.1,7379.9,7300.1,7310.0,7328.9,13701.0,1004.49
2015-03-13,7355.35,7357.7,7254.05,7280.0,7299.0,21515.0,1570.39
2015-03-16,7347.9,7347.9,7255.0,7270.0,7276.8,12723.0,928.5
2015-03-17,7300.0,7400.0,7300.0,7360.3,7389.25,27094.0,1997.5
2015-03-18,7410.0,7420.0,7366.0,7389.05,7408.4,49611.0,3675.71
2015-03-19,7420.0,7420.0,7321.0,7334.15,7367.35,27013.0,1993.56
2015-03-20,7400.0,7400.0,7225.0,7230.0,7264.1,27446.0,1995.21
2015-03-23,7284.0,7284.4,7090.0,7133.9,7133.9,23625.0,1686.44
2015-03-24,7185.0,7190.0,6990.0,7037.95,7021.65,26775.0,1889.01
2015-03-25,6972.0,7094.95,6972.0,7020.0,7041.8,27132.0,1909.87
2015-03-26,7020.0,7030.9,6765.0,6846.95,6845.2,42361.0,2924.14
2015-03-27,6898.0,6916.95,6771.0,6801.0,6815.05,26243.0,1786.93
2015-03-30,6840.0,6999.0,6840.0,6903.85,6944.0,45193.0,3129.58
2015-03-31,6950.0,7132.0,6827.6,7132.0,6947.35,64200.0,4448.52
2015-04-01,7051.0,7059.95,6870.0,6890.2,6923.15,13749.0,959.13
2015-04-06,6988.9,7150.0,6926.4,7100.0,7121.35,24913.0,1760.3
2015-04-07,7121.4,7174.95,7064.15,7125.0,7157.45,17718.0,1264.42
2015-04-08,7146.0,7168.15,7010.0,7015.1,7046.2,12695.0,899.39
2015-04-09,7060.0,7112.0,7060.0,7099.85,7101.0,30467.0,2163.25
2015-04-10,7122.0,7139.7,7065.0,7066.0,7098.5,44957.0,3195.57
2015-04-13,7119.95,7119.95,7066.2,7075.05,7098.55,29502.0,2094.38
2015-04-15,7101.0,7109.35,7025.0,7070.0,7068.4,23427.0,1661.06
2015-04-16,7068.4,7095.0,6990.0,7040.0,7026.8,26406.0,1857.89
2015-04-17,7024.25,7053.0,6990.0,7000.0,7000.85,14346.0,1005.88
2015-04-20,7001.0,7010.0,6900.0,6965.0,6953.2,15258.0,1063.66
2015-04-21,6999.8,6999.8,6865.0,6887.85,6887.85,11133.0,767.97
2015-04-22,6887.0,6940.0,6825.3,6830.15,6872.05,17374.0,1196.84
2015-04-23,6934.0,6934.0,6866.0,6910.0,6908.7,35827.0,2469.24
2015-04-24,6950.0,6950.0,6780.1,6832.7,6849.75,10639.0,729.21
2015-04-27,6849.0,6868.0,6760.9,6825.0,6848.1,34239.0,2341.73
2015-04-28,6840.0,6849.9,6795.45,6817.25,6836.85,25326.0,1731.79
2015-04-29,6879.95,6879.95,6525.0,6580.0,6565.45,41655.0,2766.52
2015-04-30,6565.2,6709.95,6525.9,6579.0,6572.6,42919.0,2842.68
2015-05-04,6660.0,6810.0,6623.4,6809.8,6801.45,16941.0,1143.38
2015-05-05,6809.0,6835.0,6772.0,6797.0,6807.4,14582.0,992.09
2015-05-06,6809.4,6820.0,6756.25,6805.75,6802.75,17433.0,1184.66
2015-05-07,6850.0,6850.0,6725.0,6770.0,6767.55,28509.0,1930.94
2015-05-08,6761.0,6869.95,6761.0,6790.0,6796.3,22452.0,1525.74
2015-05-11,6856.9,6870.0,6763.2,6840.0,6806.3,39358.0,2674.85
2015-05-12,6812.2,6845.0,6680.0,6724.95,6704.45,38069.0,2580.5
2015-05-13,6705.3,6810.65,6650.0,6690.0,6701.5,34511.0,2315.71
2015-05-14,6705.0,6919.7,6705.0,6852.4,6854.5,20242.0,1383.94
2015-05-15,6875.0,7050.0,6860.15,7026.0,7031.3,23138.0,1622.0
2015-05-18,7100.1,7349.0,6941.0,7100.0,7077.35,37666.0,2665.9
2015-05-19,7100.0,7157.95,6902.5,7059.6,7028.7,26114.0,1849.35
2015-05-20,7068.7,7116.3,6855.0,6950.0,6961.6,30255.0,2101.09
2015-05-21,6874.9,6999.0,6830.0,6971.0,6948.9,30907.0,2131.84
2015-05-22,6950.0,7119.5,6928.05,6995.0,6995.9,42396.0,2973.85
2015-05-25,6926.0,7013.9,6905.0,6946.7,6936.6,12915.0,896.38
2015-05-26,6960.0,6993.0,6535.1,6796.4,6805.35,62840.0,4247.5
2015-05-27,6805.35,7135.0,6776.0,7099.95,7062.5,61700.0,4295.89
2015-05-28,7090.0,7210.0,6955.5,7099.9,7057.65,34215.0,2408.48
2015-05-29,6992.0,7057.65,6564.8,6849.0,6751.55,108338.0,7384.35
2015-06-01,6700.0,6733.0,6530.95,6652.0,6670.2,68323.0,4534.79
2015-06-02,6772.0,6999.9,6755.15,6797.05,6803.25,75154.0,5154.06
2015-06-03,6500.0,6533.0,5980.0,6170.0,6186.95,390444.0,24425.19
2015-06-04,5880.0,6050.0,5800.55,5990.05,6004.45,430477.0,25569.19
2015-06-05,5830.0,6125.0,5711.0,6021.0,6011.6,756189.0,45195.8
2015-06-08,5850.0,5850.0,5501.0,5504.0,5569.0,344869.0,19535.84
2015-06-09,5590.35,6120.0,5525.0,6090.0,5964.35,568881.0,32839.99
2015-06-10,6049.9,6240.0,6021.25,6054.0,6060.35,247150.0,15174.32
2015-06-11,6158.9,6306.0,5975.75,6110.0,6164.7,302802.0,18536.92
2015-06-12,6184.5,6184.5,5925.35,6085.0,6087.2,104699.0,6379.21
2015-06-15,6048.0,6050.0,5892.4,5940.0,5955.05,73067.0,4349.79
2015-06-16,5899.0,5899.0,5755.0,5770.0,5784.65,87482.0,5083.51
2015-06-17,5745.0,5900.0,5651.0,5880.0,5838.9,140517.0,8171.11
2015-06-18,5864.0,6128.0,5850.0,6119.0,6081.65,118969.0,7109.36
2015-06-19,6010.0,6325.0,6010.0,6300.0,6281.0,145841.0,9089.92
2015-06-22,6276.0,6411.15,6215.0,6223.0,6296.6,78944.0,4989.82
2015-06-23,6290.0,6290.0,6100.1,6103.0,6127.85,54383.0,3364.7
2015-06-24,6150.0,6163.15,5981.1,6005.0,6004.1,55028.0,3331.76
2015-06-25,6005.0,6049.0,5810.25,5829.9,5836.45,136513.0,8036.98
2015-06-26,5922.0,5970.0,5870.0,5965.0,5958.15,75863.0,4502.95
2015-06-29,5825.5,6087.5,5825.5,6055.0,6071.05,82096.0,4943.14
2015-06-30,6022.0,6392.0,6022.0,6359.9,6352.2,252693.0,15820.38
2015-07-01,6400.0,6494.0,6116.0,6128.9,6144.45,168999.0,10658.12
2015-07-02,6259.95,6375.0,6215.0,6247.0,6241.6,111329.0,7005.96
2015-07-03,6314.95,6344.95,6151.0,6155.0,6165.2,89765.0,5588.89
2015-07-06,6199.95,6199.95,6075.0,6118.0,6120.3,38621.0,2359.11
2015-07-07,6190.0,6190.0,6060.0,6090.0,6084.85,63527.0,3881.05
2015-07-08,6060.0,6060.2,5960.1,6000.0,5995.9,109001.0,6539.64
2015-07-09,6075.0,6099.0,6001.0,6040.05,6029.95,70819.0,4278.66
2015-07-10,6060.0,6070.0,5926.05,5965.0,5963.4,92072.0,5494.22
2015-07-13,6020.0,6020.0,5895.0,5957.7,5955.5,65745.0,3917.26
2015-07-14,5989.9,5994.0,5935.25,5953.1,5953.1,40738.0,2428.2
2015-07-15,5920.0,5995.6,5920.0,5966.0,5967.9,101401.0,6061.49
2015-07-16,5989.95,6045.5,5975.05,6015.0,6025.5,35537.0,2137.87
2015-07-17,6020.0,6125.0,6019.95,6075.0,6078.6,52852.0,3215.49
2015-07-20,6104.95,6131.8,6057.7,6071.0,6071.05,19953.0,1214.38
2015-07-21,6099.95,6107.85,6050.0,6070.0,6068.5,22646.0,1374.26
2015-07-22,6048.0,6048.0,5974.0,5986.0,5990.6,26233.0,1572.6
2015-07-23,6000.0,6069.9,5999.4,6052.05,6060.4,31337.0,1895.17
2015-07-24,6052.0,6124.45,6000.0,6033.0,6033.9,30532.0,1845.82
2015-07-27,6100.0,6306.85,6033.0,6225.0,6261.4,113239.0,7006.85
2015-07-28,6265.0,6300.0,6169.0,6200.2,6192.45,53887.0,3350.06
2015-07-29,6200.0,6254.6,6082.4,6177.7,6152.65,73126.0,4537.06
2015-07-30,6032.05,6390.0,5980.45,6331.0,6331.2,176979.0,10979.36
2015-07-31,6210.0,6390.0,6210.0,6350.0,6357.4,111955.0,7070.67
2015-08-03,6385.0,6500.0,6220.05,6285.0,6326.25,108792.0,6988.58
2015-08-04,6349.9,6383.6,6320.2,6358.0,6350.65,105771.0,6718.89
2015-08-05,6800.0,6998.0,6590.2,6820.0,6838.35,364555.0,24712.81
2015-08-06,6533.7,6596.0,6450.0,6483.95,6486.1,173295.0,11248.79
2015-08-07,6548.0,6560.0,6525.55,6550.0,6548.6,69339.0,4539.48
2015-08-10,6550.0,6567.3,6347.05,6380.0,6388.4,62031.0,3988.06
2015-08-11,6460.35,6463.95,6300.0,6300.05,6317.35,51237.0,3252.38
2015-08-12,6225.0,6350.0,6007.05,6340.0,6234.3,114437.0,7091.58
2015-08-13,6300.0,6533.0,6234.0,6290.0,6317.25,506085.0,32441.24
2015-08-14,6398.0,6398.0,6251.1,6255.0,6268.8,63854.0,4029.4
2015-08-17,6268.8,6279.95,6130.0,6132.0,6135.4,45417.0,2809.09
2015-08-18,6201.0,6207.0,6140.0,6160.0,6164.7,63390.0,3919.36
2015-08-19,6200.0,6200.0,6081.25,6100.0,6098.7,59166.0,3633.71
2015-08-20,6124.95,6180.0,6085.75,6155.0,6150.9,65541.0,4030.65
2015-08-21,6075.0,6195.0,6060.0,6076.5,6090.75,36949.0,2256.43
2015-08-24,6078.0,6208.75,5995.0,6034.0,6036.0,78584.0,4792.88
2015-08-25,6094.95,6220.8,6029.0,6170.0,6163.4,50568.0,3106.07
2015-08-26,6169.95,6199.85,6050.0,6098.0,6064.2,56983.0,3477.54
2015-08-27,6165.0,6175.0,6030.0,6080.05,6057.0,35980.0,2192.8
2015-08-28,6100.0,6140.0,6040.0,6094.3,6104.65,43170.0,2636.75
2015-08-31,6099.95,6104.95,5950.0,5962.0,5965.4,69408.0,4164.35
2015-09-01,5935.0,6028.45,5910.0,6007.0,6003.6,34852.0,2090.91
2015-09-02,6041.0,6067.2,5903.55,5911.0,5930.0,40575.0,2422.53
2015-09-03,6029.5,6074.7,5850.0,6060.0,6035.45,51799.0,3096.05
2015-09-04,6050.0,6064.95,5960.4,5970.0,5995.6,19538.0,1171.62
2015-09-07,6003.0,6030.0,5960.0,6000.0,6001.35,31004.0,1860.49
2015-09-08,5981.0,6004.1,5880.0,5885.0,5902.2,37289.0,2214.93
2015-09-09,5939.95,5995.0,5931.05,5991.95,5986.6,26234.0,1565.18
2015-09-10,6000.0,6014.95,5969.95,6001.0,6005.1,22946.0,1377.08
2015-09-11,6001.0,6060.0,5961.2,5980.25,6001.25,14192.0,853.11
2015-09-14,6020.0,6069.0,6000.0,6039.0,6056.5,18457.0,1115.36
2015-09-15,6039.95,6090.0,6000.0,6022.0,6025.0,21365.0,1287.7
2015-09-16,6087.0,6138.0,6003.85,6086.0,6096.35,52025.0,3146.93
2015-09-18,6096.35,6260.0,6096.35,6236.0,6236.7,64894.0,4038.91
2015-09-21,6255.0,6255.0,6170.0,6180.0,6176.8,9914.0,614.14
2015-09-22,6220.0,6300.0,6125.0,6140.0,6148.45,25332.0,1575.42
2015-09-23,6178.9,6350.35,6060.0,6300.0,6219.8,31449.0,1944.67
2015-09-24,6288.0,6288.0,6152.35,6224.0,6212.05,26846.0,1665.97
2015-09-28,6245.0,6278.0,6153.0,6156.35,6219.3,27813.0,1732.6
2015-09-29,6188.0,6250.0,6111.0,6165.0,6179.6,24187.0,1496.42
2015-09-30,6250.0,6398.0,6213.4,6369.0,6367.65,54871.0,3463.72
2015-10-01,6364.0,6434.0,6323.15,6424.0,6422.5,30309.0,1937.4
2015-10-05,6450.0,6482.0,6426.0,6473.0,6478.6,29433.0,1903.6
2015-10-06,6480.0,6519.0,6425.0,6475.0,6495.25,23236.0,1506.51
2015-10-07,6490.0,6490.0,6314.7,6321.1,6337.55,36934.0,2357.46
2015-10-08,6392.0,6419.0,6340.35,6350.0,6367.45,8972.0,572.01
2015-10-09,6367.0,6449.0,6352.55,6410.0,6416.55,14875.0,953.24
2015-10-12,6417.0,6430.05,6230.0,6256.0,6256.1,24060.0,1512.08
2015-10-13,6267.0,6317.6,6105.15,6150.0,6151.95,46265.0,2847.99
2015-10-14,6199.0,6248.0,6111.0,6197.95,6210.65,15619.0,967.91
2015-10-15,6195.0,6258.95,6150.5,6225.0,6206.5,24109.0,1494.11
2015-10-16,6250.0,6669.95,6170.0,6555.0,6569.4,317373.0,20786.45
2015-10-19,6598.0,6614.4,6452.25,6468.0,6493.0,71912.0,4688.31
2015-10-20,6598.4,6648.5,6510.5,6524.0,6536.5,73153.0,4808.87
2015-10-21,6545.0,6629.0,6440.1,6446.0,6463.3,59955.0,3915.11
2015-10-23,6550.0,6550.0,6311.2,6331.0,6328.65,39067.0,2507.87
2015-10-26,6358.0,6420.0,6280.0,6302.4,6316.3,33416.0,2118.09
2015-10-27,6399.0,6410.0,6345.0,6357.0,6354.5,33326.0,2123.13
2015-10-28,6370.0,6380.05,6300.0,6345.0,6337.4,29844.0,1889.58
2015-10-29,6337.5,6370.0,6251.95,6280.0,6290.5,47775.0,2999.65
2015-10-30,6230.0,6262.0,6150.0,6192.05,6173.9,51020.0,3164.28
2015-11-02,6160.0,6319.0,6150.0,6288.0,6276.05,29690.0,1848.92
2015-11-03,6299.0,6320.0,6205.15,6210.0,6217.75,28500.0,1778.24
2015-11-04,6250.0,6474.0,6219.75,6250.0,6251.15,157371.0,9983.91
2015-11-05,6260.0,6299.0,6150.0,6180.0,6165.65,38309.0,2382.97
2015-11-06,6199.0,6234.95,6151.0,6163.0,6168.95,16050.0,993.06
2015-11-09,6125.0,6199.95,6099.0,6118.95,6111.4,51683.0,3182.81
2015-11-10,6190.0,6190.0,6050.0,6091.0,6072.3,32828.0,2001.98
2015-11-11,6116.55,6184.95,6116.55,6161.15,6174.8,9049.0,557.62
2015-11-13,6154.8,6186.0,6014.0,6043.95,6034.2,115791.0,6998.71
2015-11-16,6050.0,6070.0,5962.5,5990.0,5986.45,110197.0,6591.75
2015-11-17,6005.0,6137.85,5951.0,6101.5,6084.6,67571.0,4081.75
2015-11-18,6105.0,6134.9,6068.0,6078.05,6082.3,27800.0,1695.91
2015-11-19,6109.0,6323.0,6085.05,6264.9,6280.15,61148.0,3800.93
2015-11-20,6268.0,6279.0,6180.0,6180.05,6196.25,19934.0,1240.42
2015-11-23,6199.0,6226.0,6110.0,6125.0,6141.6,28203.0,1734.69
2015-11-24,6162.5,6162.5,6050.0,6058.0,6056.35,33023.0,2008.09
2015-11-26,6073.9,6140.0,6006.0,6020.5,6023.55,72189.0,4354.91
2015-11-27,6021.0,6043.25,5905.55,5950.0,5949.0,113708.0,6758.12
2015-11-30,5900.0,5964.15,5850.0,5860.05,5858.8,142381.0,8356.99
2015-12-01,5858.9,5950.0,5858.9,5873.0,5879.15,50000.0,2942.78
2015-12-02,5885.2,5920.0,5834.9,5851.15,5868.1,59827.0,3501.47
2015-12-03,5860.0,5860.0,5820.0,5840.0,5835.9,66220.0,3864.46
2015-12-04,5836.0,5907.0,5805.15,5855.0,5857.05,41218.0,2410.69
2015-12-07,5898.0,5910.0,5819.8,5896.0,5893.6,17595.0,1035.42
2015-12-08,5893.0,5899.7,5820.0,5830.1,5825.35,50408.0,2944.84
2015-12-09,5827.1,5849.0,5752.55,5761.5,5759.7,120058.0,6919.83
2015-12-10,5760.0,5820.0,5750.0,5778.0,5770.65,28579.0,1650.02
2015-12-11,5770.65,5930.0,5765.0,5910.0,5908.25,53452.0,3143.43
2015-12-14,5909.9,5909.9,5782.45,5880.0,5879.75,27743.0,1623.03
2015-12-15,5907.0,5910.0,5813.05,5818.05,5838.6,34519.0,2022.15
2015-12-16,5889.0,5915.0,5821.0,5830.0,5828.4,31415.0,1839.64
2015-12-17,5832.0,5919.95,5820.8,5875.05,5883.35,27911.0,1634.3
2015-12-18,5897.0,5897.0,5630.0,5666.35,5673.0,61457.0,3517.48
2015-12-21,5715.0,5732.0,5665.2,5675.0,5674.35,28016.0,1594.26
2015-12-22,5704.9,5749.0,5680.0,5733.0,5730.0,19130.0,1095.01
2015-12-23,5765.0,5794.0,5730.0,5757.0,5778.0,12253.0,706.19
2015-12-24,5775.0,5798.0,5725.0,5775.0,5775.9,14043.0,809.11
2015-12-28,5776.0,5850.65,5750.0,5802.0,5804.65,22286.0,1295.41
2015-12-29,5829.0,5855.0,5795.05,5830.0,5839.2,14160.0,827.5
2015-12-30,5850.0,5860.0,5790.1,5810.5,5839.85,19255.0,1123.61
2015-12-31,5862.65,5870.05,5803.5,5817.3,5828.0,19210.0,1119.26
2016-01-01,5820.05,5850.0,5775.0,5782.05,5785.15,12085.0,701.88
2016-01-04,5814.0,5827.0,5652.0,5673.95,5669.8,35426.0,2027.93
2016-01-05,5739.0,5739.0,5650.0,5658.0,5662.4,27112.0,1536.16
2016-01-06,5666.1,5729.55,5655.0,5710.0,5719.5,55372.0,3159.28
2016-01-07,5729.95,5729.95,5621.4,5621.5,5638.95,22220.0,1258.74
2016-01-08,5690.0,5691.0,5615.0,5641.1,5632.55,44465.0,2502.02
2016-01-11,5625.0,5625.0,5435.55,5478.0,5469.25,50060.0,2761.06
2016-01-12,5515.0,5515.0,5408.15,5463.0,5439.85,56465.0,3073.25
2016-01-13,5465.0,5530.0,5400.4,5507.0,5501.15,61874.0,3391.28
2016-01-14,5460.0,5630.2,5432.0,5630.2,5616.15,34830.0,1942.18
2016-01-15,5600.0,5630.0,5572.05,5600.0,5597.7,27017.0,1513.98
2016-01-18,5597.7,5600.0,5400.0,5439.8,5436.0,21414.0,1166.08
2016-01-19,5444.95,5494.0,5390.0,5430.05,5428.8,21347.0,1159.18
2016-01-20,5417.8,5525.0,5375.0,5475.0,5485.6,14685.0,797.3
2016-01-21,5460.0,5492.0,5404.6,5456.0,5429.85,79144.0,4338.03
2016-01-22,5490.0,5512.4,5431.65,5446.0,5447.6,24884.0,1359.53
2016-01-25,5460.0,5512.0,5448.0,5460.0,5461.35,26417.0,1448.0
2016-01-27,5494.55,5494.55,5451.1,5488.0,5487.7,59544.0,3267.82
2016-01-28,5480.0,5490.0,5450.0,5467.6,5468.95,40287.0,2204.98
2016-01-29,5488.95,5500.0,5469.0,5480.0,5488.0,50118.0,2750.31
2016-02-01,5575.0,5575.0,5420.85,5445.0,5448.95,19318.0,1053.77
2016-02-02,5480.0,5503.9,5420.0,5438.05,5457.35,41682.0,2284.83
2016-02-03,5457.35,5457.35,5400.0,5406.0,5408.35,31939.0,1728.45
2016-02-04,5425.0,5492.95,5425.0,5490.0,5485.3,19439.0,1064.04
2016-02-05,5470.0,5550.0,5385.0,5420.0,5421.5,30883.0,1683.14
2016-02-08,5469.95,5490.0,5401.95,5424.0,5413.0,21474.0,1170.56
2016-02-09,5444.0,5459.85,5391.25,5398.8,5419.25,24994.0,1359.54
2016-02-10,5439.0,5449.0,5279.4,5280.5,5297.6,46842.0,2510.8
2016-02-11,5323.95,5323.95,5190.0,5250.0,5217.05,58313.0,3045.85
2016-02-12,5230.0,5268.65,5001.05,5027.0,5056.05,37439.0,1903.7
2016-02-15,5058.0,5149.0,5019.95,5057.7,5057.75,66272.0,3358.55
2016-02-16,5115.0,5115.0,5030.0,5032.0,5049.8,49811.0,2528.66
2016-02-17,5090.0,5100.0,5034.0,5080.0,5072.7,72280.0,3665.12
2016-02-18,5095.0,5205.0,5060.0,5187.9,5182.85,26633.0,1374.56
2016-02-19,5206.95,5240.0,5175.1,5226.05,5209.7,12939.0,673.11
2016-02-22,5208.0,5298.0,5162.15,5280.0,5279.35,85293.0,4500.26
2016-02-23,5309.95,5309.95,5180.0,5183.65,5192.25,21387.0,1113.24
2016-02-24,5185.0,5204.9,5135.0,5195.5,5199.4,11843.0,614.65
2016-02-25,5199.4,5200.0,5090.95,5200.0,5142.9,31388.0,1612.59
2016-02-26,5190.0,5190.0,5101.0,5108.0,5111.2,36011.0,1842.05
2016-02-29,5144.9,5144.9,4981.0,5010.0,5008.0,52942.0,2653.49
2016-03-01,5050.0,5117.25,5000.55,5050.0,5052.25,41530.0,2098.94
2016-03-02,5080.0,5105.0,5045.0,5080.0,5078.2,29138.0,1478.19
2016-03-03,5110.0,5243.0,5080.0,5210.0,5217.75,33110.0,1718.48
2016-03-04,5218.0,5325.05,5166.0,5252.0,5285.25,26291.0,1383.52
2016-03-08,5300.0,5429.0,5276.1,5297.9,5320.8,53547.0,2869.85
2016-03-09,5275.3,5307.45,5182.0,5196.7,5209.8,47123.0,2459.52
2016-03-10,5223.0,5241.65,5106.35,5200.0,5177.8,63711.0,3282.0
2016-03-11,5189.95,5249.9,5100.0,5166.05,5163.15,35312.0,1826.07
2016-03-14,5173.0,5173.0,5090.0,5090.0,5103.1,61213.0,3126.34
2016-03-15,5117.4,5117.4,5040.8,5069.3,5053.75,99413.0,5025.18
2016-03-16,5054.9,5059.95,5005.0,5010.0,5011.75,91850.0,4603.7
2016-03-17,5040.0,5114.7,5030.05,5085.0,5096.85,34979.0,1780.51
2016-03-18,5097.3,5260.0,5043.0,5189.0,5186.25,51696.0,2657.9
2016-03-21,5200.0,5250.0,5200.0,5220.0,5231.55,52834.0,2762.06
2016-03-22,5250.0,5349.0,5155.0,5300.0,5260.35,46192.0,2409.46
2016-03-23,5311.1,5340.0,5210.0,5250.0,5253.15,107792.0,5688.02
2016-03-28,5299.0,5375.0,5282.55,5355.0,5353.5,69661.0,3708.55
2016-03-29,5340.0,5390.0,5310.0,5340.0,5335.9,15640.0,837.47
2016-03-30,5354.8,5501.65,5354.8,5501.0,5479.8,47816.0,2600.86
2016-03-31,5445.05,5849.0,5400.0,5700.0,5757.35,72171.0,4068.77
2016-04-01,5690.0,5749.0,5558.05,5630.0,5638.2,37393.0,2099.85
2016-04-04,5630.0,5724.95,5607.0,5700.0,5683.55,21694.0,1230.36
2016-04-05,5632.0,5777.0,5632.0,5725.0,5738.95,31231.0,1783.12
2016-04-06,5738.0,5749.05,5704.0,5730.0,5724.15,30696.0,1757.6
2016-04-07,5799.45,5950.05,5748.0,5922.1,5888.55,39466.0,2306.99
2016-04-08,5924.95,6006.0,5851.0,6005.0,5975.65,22133.0,1315.01
2016-04-11,5980.0,6008.95,5855.4,5873.0,5870.75,25180.0,1481.5
2016-04-12,6099.0,6185.05,6050.55,6129.15,6147.8,62801.0,3841.41
2016-04-13,6157.0,6175.0,6021.1,6110.0,6116.5,32898.0,2003.96
2016-04-18,6120.0,6246.75,6057.0,6150.0,6134.6,47449.0,2922.45
2016-04-20,6180.0,6196.0,6002.0,6021.0,6036.0,43665.0,2658.73
2016-04-21,6036.0,6050.0,5947.0,5966.0,5966.85,75844.0,4519.78
2016-04-22,5960.0,6039.6,5960.0,5960.0,5969.75,15566.0,931.1
2016-04-25,5970.0,6025.15,5850.0,5850.1,5881.65,60089.0,3555.4
2016-04-26,5894.6,5899.9,5805.0,5830.0,5830.65,70732.0,4124.01
2016-04-27,5830.65,5965.05,5802.6,5875.0,5885.85,18309.0,1078.29
2016-04-28,5878.0,5954.9,5755.0,5884.95,5908.05,39851.0,2333.61
2016-04-29,5930.0,5930.0,5703.05,5711.6,5725.45,34469.0,1986.13
2016-05-02,5739.95,5800.0,5712.35,5736.5,5754.25,20305.0,1170.49
2016-05-03,5769.95,5794.0,5575.0,5591.0,5591.6,34263.0,1937.34
2016-05-04,5592.1,5649.4,5512.3,5520.0,5542.25,23847.0,1330.55
2016-05-05,5551.0,5569.95,5500.1,5566.0,5540.85,24819.0,1371.39
2016-05-06,5545.0,5640.0,5531.2,5599.9,5610.9,51851.0,2890.19
2016-05-09,5610.9,5684.0,5482.05,5490.5,5509.55,35654.0,1983.31
2016-05-10,5521.35,5560.6,5505.85,5529.9,5520.4,59945.0,3309.37
2016-05-11,5520.0,5616.05,5496.2,5609.0,5601.65,17803.0,991.52
2016-05-12,5624.0,5731.0,5613.05,5716.05,5710.3,25891.0,1472.57
2016-05-13,5695.05,6160.0,5691.0,6145.0,6121.65,196377.0,11853.82
2016-05-16,6100.0,6348.0,6004.0,6330.15,6284.45,79610.0,4935.86
2016-05-17,6280.0,6285.0,6152.0,6195.0,6219.6,74498.0,4620.06
2016-05-18,6160.4,6234.9,6122.65,6199.0,6200.15,19838.0,1225.14
2016-05-19,6190.1,6200.0,6060.0,6075.35,6092.0,17051.0,1044.0
2016-05-20,6099.0,6170.05,5885.95,5912.0,6005.7,40528.0,2465.82
2016-05-23,6003.0,6048.8,5933.0,5970.0,5966.55,17554.0,1049.7
2016-05-24,5997.85,6084.85,5954.1,6000.0,6003.9,59051.0,3558.32
2016-05-25,6009.95,6169.1,6006.05,6152.05,6145.85,28959.0,1771.52
2016-05-26,5800.0,6197.0,5800.0,6126.8,6142.0,33253.0,2029.15
2016-05-27,6135.0,6240.0,6120.05,6159.9,6173.95,32211.0,1997.32
2016-05-30,6180.0,6359.0,6174.0,6295.0,6307.95,34258.0,2150.92
2016-05-31,6280.0,6354.85,6002.0,6125.0,6097.35,75860.0,4669.28
2016-06-01,6116.0,6449.0,6109.05,6389.85,6390.8,63791.0,4039.94
2016-06-02,6348.9,6390.1,6256.0,6312.15,6302.05,72774.0,4593.39
2016-06-03,6375.0,6375.0,6265.0,6275.3,6305.2,35337.0,2226.19
2016-06-06,6275.3,6705.0,6156.15,6636.0,6479.4,75989.0,4788.66
2016-06-07,6520.0,6699.0,6374.1,6430.0,6450.25,64157.0,4197.86
2016-06-08,6473.9,6541.65,6381.1,6474.15,6480.9,26412.0,1707.24
2016-06-09,6476.0,6545.0,6400.0,6407.5,6431.05,16224.0,1050.05
2016-06-10,6453.3,6600.0,6433.0,6570.0,6544.15,27431.0,1786.16
2016-06-13,6475.0,6589.0,6454.35,6532.1,6538.0,28530.0,1859.98
2016-06-14,6525.0,6599.0,6525.0,6561.0,6589.05,17846.0,1172.15
2016-06-15,6570.0,6591.9,6456.15,6500.0,6492.1,31345.0,2045.77
2016-06-16,6492.0,6555.0,6470.0,6480.0,6490.75,33083.0,2151.78
2016-06-17,6500.0,6550.0,6438.05,6441.1,6464.2,22197.0,1438.96
2016-06-20,6444.0,6599.0,6443.1,6525.0,6548.15,29420.0,1928.07
2016-06-21,6562.0,6599.45,6482.3,6535.0,6537.4,18216.0,1190.84
2016-06-22,6540.0,6555.0,6450.0,6488.9,6489.55,20002.0,1300.27
2016-06-23,6513.0,6533.0,6401.0,6428.0,6431.75,26171.0,1687.23
2016-06-24,6306.25,6526.6,6200.0,6500.0,6496.5,21109.0,1349.65
2016-06-27,6400.0,6534.5,6400.0,6431.65,6447.8,17117.0,1109.15
2016-06-28,6449.0,6505.95,6449.0,6460.25,6493.8,41820.0,2715.86
2016-06-29,6484.0,6500.0,6422.35,6439.95,6444.55,12424.0,802.21
2016-06-30,6444.4,6545.0,6444.4,6530.0,6492.35,125414.0,8145.44
2016-07-01,6514.9,6540.0,6456.15,6490.0,6509.7,22119.0,1441.55
2016-07-04,6499.0,6560.0,6496.5,6510.05,6528.0,15027.0,982.58
2016-07-05,6502.0,6549.7,6502.0,6528.0,6532.9,20359.0,1330.99
2016-07-07,6510.0,6550.0,6480.0,6497.8,6511.3,11999.0,782.72
2016-07-08,6510.0,6539.75,6390.0,6410.0,6412.15,37875.0,2433.79
2016-07-11,6449.5,6506.05,6416.8,6488.0,6487.2,43840.0,2825.86
2016-07-12,6487.0,6498.0,6421.0,6426.0,6427.25,32864.0,2114.38
2016-07-13,6454.95,6592.8,6454.0,6588.0,6581.2,83086.0,5431.53
2016-07-14,6575.05,6590.0,6530.0,6568.0,6567.0,23764.0,1561.73
2016-07-15,6575.0,6666.6,6560.95,6627.6,6632.95,44875.0,2971.2
2016-07-18,6633.0,6664.9,6560.0,6611.5,6618.65,39417.0,2616.2
2016-07-19,6611.15,6690.05,6571.0,6646.15,6642.7,45611.0,3019.38
2016-07-20,6625.0,6695.0,6625.0,6645.55,6674.3,37115.0,2472.94
2016-07-21,6674.0,6899.7,6674.0,6870.0,6867.7,33795.0,2298.75
2016-07-22,6877.05,7134.0,6877.05,7100.0,7078.35,71345.0,5004.7
2016-07-25,7070.0,7169.95,6991.0,7115.0,7126.5,30950.0,2197.81
2016-07-26,7119.9,7209.9,7065.0,7165.0,7164.15,24699.0,1763.82
2016-07-27,7141.0,7160.2,7044.05,7084.0,7076.35,27120.0,1921.23
2016-07-28,7099.95,7300.0,7082.25,7280.0,7237.3,58771.0,4219.37
2016-07-29,7264.0,7369.0,7011.15,7140.0,7188.35,58090.0,4176.73
2016-08-01,7172.0,7215.15,6875.85,6964.0,6951.95,76085.0,5345.96
2016-08-02,6955.0,7059.9,6810.0,6840.0,6833.5,33594.0,2329.83
2016-08-03,6828.0,6979.0,6742.0,6769.0,6776.65,20610.0,1413.01
2016-08-04,6790.0,6890.3,6750.0,6839.95,6805.2,16549.0,1127.67
2016-08-05,6840.0,6892.0,6820.0,6828.0,6838.05,21689.0,1483.48
2016-08-08,6891.0,6905.0,6780.0,6866.2,6854.9,27211.0,1856.59
2016-08-09,6866.0,6915.0,6800.0,6863.0,6892.3,17856.0,1226.16
2016-08-10,6894.0,6951.0,6810.0,6821.05,6844.7,18752.0,1284.81
2016-08-11,6850.0,6875.0,6790.0,6816.4,6849.05,16926.0,1158.19
2016-08-12,6882.0,6975.0,6830.0,6879.95,6894.8,25880.0,1789.83
2016-08-16,6890.0,6890.0,6712.2,6760.0,6749.25,27240.0,1844.67
2016-08-17,6788.9,6810.0,6670.0,6679.7,6694.45,28667.0,1922.55
2016-08-18,6745.0,6769.6,6660.0,6668.2,6697.0,13803.0,927.02
2016-08-19,6700.0,6759.8,6700.0,6730.0,6727.35,7145.0,480.69
2016-08-22,6725.0,6808.0,6711.4,6795.0,6785.35,31457.0,2127.77
2016-08-23,6830.0,6848.6,6790.0,6800.05,6810.9,28773.0,1960.65
2016-08-24,6815.0,6863.0,6745.05,6750.0,6818.2,32290.0,2206.34
2016-08-25,6819.0,6850.0,6808.9,6826.0,6829.85,26445.0,1806.32
2016-08-26,6848.0,6860.25,6809.7,6830.0,6831.25,19970.0,1366.66
2016-08-29,6849.0,6849.0,6721.45,6745.0,6751.4,42107.0,2840.8
2016-08-30,6750.0,6776.25,6655.0,6669.05,6687.55,20441.0,1374.13
2016-08-31,6688.0,6725.0,6470.0,6490.0,6525.55,62266.0,4094.49
2016-09-01,6525.0,6625.0,6460.3,6494.0,6488.65,26058.0,1705.43
2016-09-02,6528.0,6528.0,6425.0,6425.0,6439.65,14379.0,929.73
2016-09-06,6478.0,6590.0,6446.95,6575.0,6565.15,30795.0,2004.53
2016-09-07,6581.0,6600.0,6437.0,6449.0,6461.8,53353.0,3460.42
2016-09-08,6450.0,6498.0,6413.0,6430.0,6431.8,15720.0,1015.43
2016-09-09,6435.0,6539.0,6400.0,6479.9,6507.9,25820.0,1671.96
2016-09-12,6495.0,6495.0,6400.0,6416.0,6431.2,17135.0,1102.33
2016-09-14,6447.8,6501.0,6200.0,6270.0,6344.45,52642.0,3372.39
2016-09-15,6290.0,6358.75,6245.9,6300.3,6301.4,83601.0,5248.16
2016-09-16,6330.0,6467.95,6308.0,6400.05,6407.0,43872.0,2809.58
2016-09-19,6407.0,6450.0,6301.0,6335.0,6337.45,52913.0,3387.04
2016-09-20,6349.0,6376.1,6323.5,6340.0,6339.95,21526.0,1364.95
2016-09-21,6370.0,6370.0,6270.0,6315.0,6313.05,31447.0,1983.39
2016-09-22,6353.3,6518.0,6313.0,6505.0,6450.3,34213.0,2199.55
2016-09-23,6505.0,6537.0,6402.5,6500.0,6494.6,53448.0,3469.71
2016-09-26,6509.0,6525.0,6401.0,6473.35,6504.25,24552.0,1589.75
2016-09-27,6499.0,6510.0,6412.1,6470.0,6488.25,23621.0,1529.41
2016-09-28,6491.0,6506.25,6424.55,6455.0,6452.55,19022.0,1227.09
2016-09-29,6470.0,6525.0,6225.4,6350.0,6353.2,34583.0,2201.23
2016-09-30,6353.2,6500.0,6315.9,6419.95,6432.85,64898.0,4158.61
2016-10-03,6432.9,6650.0,6432.9,6621.0,6621.9,30768.0,2022.57
2016-10-04,6650.0,6700.0,6594.1,6699.0,6680.95,24219.0,1612.69
2016-10-05,6685.0,6800.0,6614.1,6780.0,6775.55,17108.0,1149.09
2016-10-06,6775.0,6814.9,6668.05,6689.25,6723.55,13191.0,888.65
2016-10-07,6746.0,6746.0,6655.4,6732.5,6727.85,6414.0,430.32
2016-10-10,6702.0,6785.0,6603.0,6613.0,6632.6,7682.0,512.1
2016-10-13,6630.0,6649.0,6525.0,6536.0,6542.9,24056.0,1573.73
2016-10-14,6542.9,6925.0,6532.05,6830.0,6877.25,40793.0,2769.16
2016-10-17,6831.4,6845.0,6699.65,6775.9,6758.1,13164.0,890.92
2016-10-18,6798.75,6900.0,6651.0,6900.0,6873.9,25218.0,1722.16
2016-10-19,6800.6,6859.0,6760.0,6760.0,6792.55,24013.0,1634.87
2016-10-20,6804.5,6920.0,6738.9,6810.0,6842.8,47801.0,3268.95
2016-10-21,6830.0,6895.0,6780.9,6858.0,6869.1,11703.0,802.7
2016-10-24,6848.0,6900.0,6812.15,6885.0,6853.35,9235.0,632.61
2016-10-25,6825.0,6865.8,6777.0,6791.9,6793.95,77752.0,5281.23
2016-10-26,6759.0,6839.95,6740.0,6829.0,6825.4,41678.0,2840.0
2016-10-27,6839.9,6997.2,6760.0,6950.0,6936.95,16940.0,1166.67
2016-10-28,6937.0,7000.0,6850.85,6913.55,6985.75,24595.0,1712.27
2016-10-30,7025.0,7050.0,6900.0,6934.0,6940.4,7275.0,507.37
2016-11-01,6925.0,6960.75,6706.3,6760.0,6794.35,33213.0,2278.19
2016-11-02,6790.0,6790.0,6670.05,6780.05,6759.15,18067.0,1217.0
2016-11-03,6740.05,6795.0,6666.0,6716.0,6717.75,16866.0,1135.13
2016-11-04,6717.8,6776.0,6618.0,6670.0,6654.05,17717.0,1181.66
2016-11-07,6660.1,6750.0,6355.0,6408.7,6458.05,23558.0,1534.41
2016-11-08,6462.0,6508.95,6410.0,6439.95,6451.7,12853.0,830.48
2016-11-09,6139.0,6459.9,5656.05,6400.0,6387.9,40371.0,2530.46
2016-11-10,6450.0,6543.3,6401.0,6420.0,6420.1,19694.0,1266.81
2016-11-11,6488.0,6488.0,6163.0,6255.0,6255.25,44257.0,2782.3
2016-11-15,6260.0,6294.9,5911.55,5988.0,5957.65,106163.0,6381.25
2016-11-16,5999.0,6080.05,5950.0,5970.0,5965.6,174386.0,10455.54
2016-11-17,6029.0,6029.0,5933.0,5960.0,5958.0,61210.0,3654.68
2016-11-18,5960.0,5980.0,5851.0,5868.0,5881.7,61184.0,3610.73
2016-11-21,5895.0,5947.0,5830.0,5862.05,5868.05,28878.0,1694.73
2016-11-22,5899.6,5940.5,5850.0,5895.0,5893.95,61482.0,3617.46
2016-11-23,5894.0,6000.0,5870.0,5955.15,5915.85,134376.0,7947.22
2016-11-24,5867.5,6252.05,5867.5,6201.15,6123.45,27087.0,1648.98
2016-11-25,6123.45,6200.0,6112.2,6116.1,6159.25,63475.0,3904.14
2016-11-28,6158.25,6310.0,6124.0,6310.0,6288.9,14540.0,906.19
2016-11-29,6300.0,6519.8,6226.25,6300.0,6289.0,79429.0,5040.27
2016-11-30,6290.0,6400.0,6252.0,6299.25,6289.7,43873.0,2762.43
2016-12-01,6243.0,6325.95,6212.6,6305.0,6284.05,39345.0,2460.43
2016-12-02,6272.0,6272.0,6211.35,6233.8,6230.95,63016.0,3924.96
2016-12-05,6275.0,6365.4,6125.0,6166.0,6229.0,21148.0,1334.31
2016-12-06,6244.5,6299.8,6190.75,6297.5,6265.9,23625.0,1481.16
2016-12-07,6278.8,6336.0,6245.0,6250.0,6281.95,16091.0,1010.27
2016-12-08,6285.0,6375.0,6281.1,6307.2,6330.7,19252.0,1217.49
2016-12-09,6330.0,6392.7,6265.0,6345.0,6352.35,15619.0,989.31
2016-12-12,6306.3,6332.85,6264.0,6312.1,6313.7,8112.0,511.47
2016-12-13,6331.0,6339.9,6300.0,6300.0,6329.55,29190.0,1847.42
2016-12-14,6333.4,6356.0,6190.0,6207.0,6235.15,20092.0,1256.49
2016-12-15,6200.0,6270.95,6134.05,6155.0,6176.75,23653.0,1462.98
2016-12-16,6223.3,6226.95,5912.05,6090.0,6115.2,49759.0,3046.8
2016-12-19,6139.0,6139.0,5975.0,6040.0,6030.75,28248.0,1705.02
2016-12-20,6050.0,6074.0,5900.0,5925.0,5917.95,19716.0,1173.46
2016-12-21,5916.0,5949.55,5820.0,5866.2,5846.45,53140.0,3122.81
2016-12-22,5849.0,5849.0,5750.0,5770.0,5767.85,46891.0,2707.02
2016-12-23,5760.0,5935.05,5746.0,5760.0,5803.6,53313.0,3091.35
2016-12-26,5810.0,5856.0,5750.0,5817.1,5838.0,8203.0,475.2
2016-12-27,5835.0,5913.95,5799.0,5875.0,5877.55,25155.0,1480.24
2016-12-28,5869.95,5931.1,5840.3,5881.0,5897.65,36511.0,2154.39
2016-12-29,5865.0,6029.95,5865.0,5971.55,5974.3,36337.0,2169.92
2016-12-30,5959.95,6048.4,5902.05,6000.05,6028.35,16658.0,1003.35
2017-01-02,6030.0,6081.05,5939.95,5970.0,5974.4,16376.0,986.36
2017-01-03,5975.1,6069.95,5975.1,6029.7,6027.4,13996.0,845.73
2017-01-04,6040.0,6049.85,5851.0,5890.0,5890.15,44184.0,2621.99
2017-01-05,5939.9,5965.0,5830.05,5900.0,5921.8,49983.0,2952.7
2017-01-06,5916.15,5959.0,5890.0,5926.0,5929.85,10929.0,648.59
2017-01-09,5960.0,5980.0,5891.0,5895.0,5910.85,5231.0,310.59
2017-01-10,5940.0,5945.0,5856.15,5895.0,5905.75,13422.0,792.24
2017-01-11,5912.1,5940.0,5877.0,5901.15,5914.8,26136.0,1546.28
2017-01-12,5900.0,5935.0,5833.0,5850.0,5855.0,50031.0,2949.9
2017-01-13,5877.0,5915.0,5859.0,5912.95,5899.3,20629.0,1216.05
2017-01-16,5910.05,5915.0,5870.9,5871.0,5883.45,5009.0,295.24
2017-01-17,5882.95,5914.5,5851.05,5880.0,5895.8,10304.0,607.17
2017-01-18,5885.15,5950.0,5872.0,5909.0,5918.25,44155.0,2609.51
2017-01-19,5918.25,5939.0,5886.0,5900.0,5911.45,31506.0,1862.77
2017-01-20,5905.0,5910.1,5871.0,5880.05,5899.8,229261.0,13524.65
2017-01-23,5854.05,5940.05,5854.05,5908.0,5924.05,19862.0,1175.85
2017-01-24,5915.2,5999.0,5881.65,5940.0,5957.75,18514.0,1097.71
2017-01-25,5979.95,5993.0,5920.0,5956.95,5965.95,76075.0,4545.95
2017-01-27,5975.0,6005.0,5851.0,5900.0,5914.2,35907.0,2125.69
2017-01-30,5966.2,5975.0,5880.0,5895.0,5899.5,41985.0,2479.67
2017-01-31,5882.0,5920.0,5828.0,5866.0,5851.85,227693.0,13321.12
2017-02-01,5898.0,5935.0,5834.75,5914.05,5912.45,18509.0,1089.84
2017-02-02,5934.0,6030.0,5885.0,6025.0,5994.3,28641.0,1704.56
2017-02-03,5999.8,6145.0,5971.0,6110.0,6088.5,25689.0,1553.65
2017-02-06,6085.0,6346.0,6085.0,6344.0,6305.5,30113.0,1880.79
2017-02-07,6300.0,6350.0,6075.0,6150.0,6128.25,35284.0,2174.87
2017-02-08,6194.95,6210.0,6140.0,6175.0,6193.1,34358.0,2122.99
2017-02-09,6138.0,6220.0,6138.0,6206.15,6196.7,54513.0,3368.7
2017-02-10,6195.0,6200.0,6090.6,6160.0,6178.2,35678.0,2201.45
2017-02-13,6160.05,6210.0,6160.05,6200.0,6200.15,65600.0,4066.92
2017-02-14,6200.05,6205.0,6115.05,6192.0,6193.1,16393.0,1010.26
2017-02-15,6193.1,6275.35,6141.1,6175.0,6169.35,20218.0,1251.99
2017-02-16,6098.0,6250.0,5962.35,6210.0,6207.8,66496.0,4066.32
2017-02-17,6201.0,6267.0,6125.0,6230.0,6240.5,31485.0,1959.54
2017-02-20,6155.0,6290.0,6155.0,6250.0,6284.1,38912.0,2427.48
2017-02-21,6279.0,6450.0,6221.2,6382.15,6376.5,45913.0,2904.93
2017-02-22,6400.0,6430.0,6333.5,6425.0,6397.8,15382.0,980.89
2017-02-23,6375.05,6415.0,6306.6,6347.75,6381.85,15034.0,958.28
2017-02-27,6398.9,6420.0,6310.0,6344.0,6339.7,14282.0,909.56
2017-02-28,6343.4,6394.75,6230.0,6244.6,6254.25,32595.0,2040.67
2017-03-01,6235.15,6324.0,6233.0,6233.0,6250.4,9522.0,595.59
2017-03-02,6260.0,6300.0,6148.0,6149.0,6197.6,25500.0,1593.74
2017-03-03,6190.15,6235.0,6164.3,6175.0,6189.55,31558.0,1953.86
2017-03-06,6165.1,6300.0,6165.1,6289.95,6272.7,9980.0,621.43
2017-03-07,6275.1,6384.15,6190.0,6360.0,6319.05,85668.0,5348.05
2017-03-08,6306.15,6372.1,6262.85,6330.0,6346.4,12586.0,795.75
2017-03-09,6365.0,6365.0,6180.0,6202.0,6210.8,24732.0,1547.06
2017-03-10,6269.9,6269.9,6110.0,6135.3,6131.75,19988.0,1232.46
2017-03-14,6248.0,6248.0,6091.2,6119.0,6119.4,28535.0,1749.47
2017-03-15,6150.0,6160.95,6089.0,6100.1,6104.95,46677.0,2848.1
2017-03-16,6145.0,6160.0,6100.0,6150.0,6150.4,44325.0,2717.05
2017-03-17,6155.05,6249.0,6145.0,6200.0,6222.1,51300.0,3182.65
2017-03-20,6249.0,6300.0,6210.0,6290.05,6296.8,32611.0,2042.24
2017-03-21,6300.0,6345.95,6255.0,6345.95,6335.2,33563.0,2117.87
2017-03-22,6301.0,6356.6,6254.9,6335.0,6341.6,30771.0,1940.29
2017-03-23,6316.0,6352.5,6281.2,6326.15,6338.2,50703.0,3198.39
2017-03-24,6326.9,6380.0,6279.45,6364.95,6352.55,22772.0,1438.72
2017-03-27,6383.0,6499.0,6311.0,6490.6,6463.35,18957.0,1216.05
2017-03-28,6463.35,6540.0,6402.4,6470.0,6501.5,19821.0,1282.94
2017-03-29,6510.0,6525.0,6420.0,6498.9,6493.2,64216.0,4167.41
2017-03-30,6493.2,6639.35,6464.95,6590.0,6605.2,63730.0,4192.09
2017-03-31,6600.0,6720.0,6557.5,6670.0,6680.65,41843.0,2776.5
2017-04-03,6612.05,6666.0,6560.35,6561.4,6578.55,11510.0,759.53
2017-04-05,6551.0,6650.0,6551.0,6632.0,6628.05,22845.0,1510.9
2017-04-06,6600.0,6650.0,6596.0,6615.0,6616.8,24871.0,1646.77
2017-04-07,6606.0,6644.0,6594.0,6620.1,6619.7,24490.0,1621.64
2017-04-10,6624.0,6654.0,6537.2,6600.0,6628.5,24268.0,1605.42
2017-04-11,6628.5,6628.55,6537.65,6537.65,6559.25,15965.0,1049.43
2017-04-12,6573.95,6600.0,6415.0,6507.0,6518.7,27166.0,1773.55
2017-04-13,6560.0,6560.0,6403.1,6439.0,6438.25,22923.0,1482.92
2017-04-17,6489.0,6489.0,6300.0,6300.0,6312.05,18421.0,1168.18
2017-04-18,6326.0,6371.0,6312.25,6340.0,6337.8,36733.0,2328.48
2017-04-19,6315.0,6344.0,6280.0,6280.15,6298.55,14258.0,899.88
2017-04-20,6370.1,6388.95,6300.0,6340.0,6339.75,14709.0,931.88
2017-04-21,6350.0,6371.0,6303.0,6350.0,6353.7,11992.0,761.69
2017-04-24,6353.7,6355.75,6267.75,6275.0,6287.8,22792.0,1435.9
2017-04-25,6300.0,6364.0,6290.0,6310.0,6323.1,43876.0,2771.22
2017-04-26,6310.0,6444.0,6310.0,6386.65,6424.3,19546.0,1249.03
2017-04-27,6449.0,6730.0,6427.75,6700.0,6702.15,65906.0,4381.71
2017-04-28,6700.0,6785.9,6670.2,6689.7,6697.75,52935.0,3566.16
2017-05-02,6723.9,6746.85,6683.05,6702.0,6715.05,37803.0,2537.29
2017-05-03,6725.0,6735.0,6690.0,6690.0,6715.55,23900.0,1604.77
2017-05-04,6690.0,6755.0,6690.0,6735.0,6735.5,18029.0,1213.21
2017-05-05,6735.0,6749.9,6668.05,6730.0,6726.45,23426.0,1574.19
2017-05-08,6702.0,6748.0,6632.1,6720.0,6709.15,17322.0,1161.25
2017-05-09,6709.15,6724.9,6678.4,6706.0,6704.8,10751.0,720.36
2017-05-10,6711.65,7000.0,6700.05,6930.0,6920.35,100390.0,6955.02
2017-05-11,6978.0,6984.5,6831.2,6856.0,6856.55,23533.0,1622.78
2017-05-12,6857.05,6898.95,6780.6,6838.0,6821.4,86982.0,5915.26
2017-05-15,6721.0,6750.95,6582.0,6605.0,6609.8,75940.0,5044.88
2017-05-16,6616.0,6631.95,6450.0,6479.0,6479.2,49015.0,3182.71
2017-05-17,6500.0,6575.0,6498.95,6570.0,6557.6,26258.0,1718.48
2017-05-18,6510.05,6584.0,6504.0,6550.0,6529.45,58301.0,3820.32
2017-05-19,6559.0,6608.6,6462.95,6530.0,6534.05,29045.0,1901.91
2017-05-22,6511.0,6644.9,6511.0,6610.0,6595.85,23406.0,1547.09
2017-05-23,6595.85,6687.4,6506.65,6580.0,6584.5,48490.0,3192.23
2017-05-24,6591.2,6591.2,6490.0,6540.0,6527.05,55967.0,3649.27
2017-05-25,6555.0,6580.0,6470.0,6520.0,6498.45,49980.0,3250.07
2017-05-26,6549.0,6739.2,6526.3,6630.0,6648.55,91240.0,6074.84
2017-05-29,6611.0,6671.05,6582.05,6615.0,6617.35,57795.0,3824.43
2017-05-30,6601.7,6654.45,6570.1,6600.0,6600.8,10564.0,696.91
2017-05-31,6607.55,6690.3,6607.55,6630.05,6645.1,81114.0,5395.27
2017-06-01,6642.0,6646.15,6546.0,6610.0,6605.85,20315.0,1340.65
2017-06-02,6616.0,6691.05,6609.95,6645.9,6648.6,29991.0,1991.13
2017-06-05,6679.0,6798.0,6635.2,6715.0,6714.2,34741.0,2328.21
2017-06-06,6720.0,6750.0,6609.7,6695.0,6677.2,18460.0,1230.34
2017-06-07,6670.0,6720.0,6635.55,6680.0,6669.8,32691.0,2185.52
2017-06-08,6669.0,6704.9,6611.0,6655.0,6651.85,32379.0,2155.59
2017-06-09,6652.0,6710.0,6629.7,6679.7,6667.5,24558.0,1631.92
2017-06-12,6679.9,6708.25,6629.4,6655.0,6660.15,31121.0,2072.44
2017-06-13,6665.0,6709.0,6640.0,6690.0,6690.1,14818.0,989.62
2017-06-14,6690.0,6709.2,6650.35,6661.0,6684.35,41363.0,2766.06
2017-06-15,6697.9,6704.95,6666.25,6692.95,6687.35,40371.0,2699.58
2017-06-16,6693.9,6820.0,6676.25,6781.0,6759.75,35730.0,2415.12
2017-06-19,6781.0,6850.0,6684.95,6740.0,6738.35,30864.0,2082.73
2017-06-20,6710.0,6745.0,6680.6,6700.0,6698.95,20081.0,1345.83
2017-06-21,6670.0,6780.25,6620.6,6755.1,6759.45,34599.0,2317.12
2017-06-22,6759.0,6837.0,6725.25,6780.0,6779.55,30288.0,2056.62
2017-06-23,6752.0,6780.0,6611.05,6650.0,6639.65,30670.0,2043.04
2017-06-27,6651.0,6663.0,6530.0,6599.85,6599.95,32822.0,2168.44
2017-06-28,6630.1,6660.0,6607.15,6650.0,6648.6,16831.0,1117.28
2017-06-29,6655.0,6780.0,6651.05,6760.0,6748.7,32869.0,2216.5
2017-06-30,6705.05,6779.0,6666.05,6749.0,6736.8,58484.0,3927.53
2017-07-03,6746.5,6830.0,6674.95,6755.0,6738.4,74048.0,4978.21
2017-07-04,6795.0,6865.0,6745.85,6850.3,6846.7,51575.0,3512.07
2017-07-05,6831.0,6989.0,6831.0,6940.0,6908.35,47661.0,3294.6
2017-07-06,6912.0,6980.0,6898.4,6910.2,6918.0,24812.0,1721.52
2017-07-07,6918.0,6958.0,6858.0,6863.0,6870.05,22470.0,1551.29
2017-07-10,6900.05,6900.05,6778.0,6810.0,6805.5,8777.0,597.98
2017-07-11,6870.0,6870.0,6716.0,6799.3,6778.45,34715.0,2350.67
2017-07-12,6844.0,6844.0,6760.05,6830.0,6822.1,29412.0,2002.73
2017-07-13,6878.0,6890.0,6767.05,6775.15,6785.8,60187.0,4095.94
2017-07-14,6825.0,6839.7,6790.5,6830.0,6810.95,50380.0,3432.68
2017-07-17,6844.7,6899.0,6781.85,6860.6,6878.2,17552.0,1202.69
2017-07-18,6855.0,6949.0,6821.0,6865.0,6852.5,41199.0,2828.86
2017-07-19,6898.0,6944.9,6862.2,6925.0,6938.1,29743.0,2058.23
2017-07-20,6959.6,6959.6,6860.0,6900.0,6869.4,7438.0,512.82
2017-07-21,6898.0,6925.0,6795.0,6824.0,6807.05,35748.0,2439.88
2017-07-24,6849.0,6860.0,6810.0,6830.0,6835.85,29921.0,2043.36
2017-07-25,6860.0,6860.0,6795.3,6819.0,6819.55,35510.0,2421.79
2017-07-26,6825.0,6899.95,6750.0,6750.0,6785.65,36324.0,2474.68
2017-07-27,6799.5,6867.0,6732.45,6800.0,6799.65,65349.0,4439.83
2017-07-28,6802.1,6805.0,6735.3,6781.25,6780.7,26647.0,1805.9
2017-07-31,6785.0,6798.9,6730.05,6765.0,6767.15,41137.0,2784.05
2017-08-01,6732.0,6790.0,6675.85,6719.9,6703.0,61312.0,4132.99
2017-08-02,6740.0,6745.4,6695.0,6714.8,6711.6,27463.0,1843.23
2017-08-03,6696.1,6748.85,6680.05,6739.95,6731.3,70859.0,4767.73
2017-08-04,6683.4,6747.95,6607.35,6700.2,6702.25,18068.0,1208.53
2017-08-07,6700.05,6754.0,6685.0,6731.05,6740.1,22154.0,1491.16
2017-08-08,6730.0,6750.1,6647.2,6708.0,6681.55,27550.0,1840.75
2017-08-09,6660.1,6744.4,6660.0,6740.0,6729.95,37023.0,2490.1
2017-08-10,6700.0,6750.0,6555.0,6609.0,6642.6,90476.0,6023.09
2017-08-11,6562.0,6585.0,6532.0,6559.95,6544.3,27932.0,1828.78
2017-08-14,6552.0,6752.0,6552.0,6620.0,6652.45,22523.0,1504.43
2017-08-16,6602.0,6739.85,6602.0,6679.0,6680.3,18636.0,1243.19
2017-08-17,6690.0,6727.45,6640.0,6675.0,6652.8,18803.0,1256.1
2017-08-18,6620.0,6734.45,6620.0,6670.0,6653.4,61884.0,4137.87
2017-08-21,6640.0,6670.5,6578.05,6616.55,6619.25,36805.0,2437.84
2017-08-22,6626.1,6735.0,6586.0,6595.0,6604.35,46472.0,3079.27
2017-08-23,6704.0,6704.0,6596.0,6601.0,6606.05,20032.0,1328.9
2017-08-24,6628.65,6650.0,6601.05,6603.0,6602.6,28250.0,1869.98
2017-08-28,6672.0,7074.0,6650.0,7032.35,7048.6,211001.0,14623.97
2017-08-29,7032.0,7065.0,6887.75,6944.95,6956.2,78828.0,5501.12
2017-08-30,7030.0,7059.0,6870.15,7039.0,7033.45,85274.0,5975.68
2017-08-31,7050.0,7140.0,6950.95,7114.95,7121.25,93447.0,6610.34
2017-09-01,7100.0,7114.95,7003.0,7005.0,7015.3,32090.0,2257.48
2017-09-04,7074.0,7074.0,6851.1,6875.45,6864.8,52035.0,3600.9
2017-09-05,6880.0,7045.0,6880.0,7013.35,7027.75,95357.0,6646.32
2017-09-06,6969.0,6996.45,6914.5,6975.0,6973.55,52319.0,3643.6
2017-09-07,6999.95,7169.0,6932.05,7165.0,7132.55,81994.0,5798.59
2017-09-08,7187.65,7225.0,7131.0,7208.85,7201.4,65653.0,4724.18
2017-09-11,7188.0,7319.0,7188.0,7289.0,7295.2,51092.0,3716.07
2017-09-12,7330.0,7409.0,7230.6,7380.2,7388.75,63565.0,4652.55
2017-09-13,7380.2,7410.0,7210.0,7225.95,7239.3,52857.0,3875.72
2017-09-14,7347.0,7347.0,7207.2,7220.05,7234.1,55141.0,3992.11
2017-09-15,7220.05,7369.0,7216.1,7324.0,7349.05,54195.0,3970.69
2017-09-18,7310.0,7346.9,7281.45,7290.0,7288.5,14132.0,1031.71
2017-09-19,7300.0,7325.0,7240.0,7241.0,7254.8,16712.0,1215.07
2017-09-20,7250.0,7250.0,7163.2,7202.0,7203.35,32379.0,2330.75
2017-09-21,7202.0,7211.8,7104.4,7155.0,7146.2,113644.0,8118.19
2017-09-22,7150.0,7203.9,7107.05,7161.15,7169.55,17066.0,1222.08
2017-09-25,7130.0,7200.0,7050.95,7125.05,7146.4,31480.0,2241.54
2017-09-26,7113.0,7172.7,7031.0,7035.0,7054.7,22470.0,1589.88
2017-09-27,7078.75,7134.95,7008.2,7105.0,7102.05,49112.0,3469.03
2017-09-28,7110.05,7242.2,7071.4,7112.05,7137.6,55293.0,3962.43
2017-09-29,7120.05,7255.3,7120.0,7255.0,7216.5,48861.0,3519.07
2017-10-03,7300.0,7394.95,7259.95,7310.0,7309.55,49856.0,3642.23
2017-10-04,7242.0,7354.85,7224.05,7313.1,7330.6,23907.0,1750.54
2017-10-05,7310.0,7344.95,7250.0,7250.0,7260.85,8440.0,614.05
2017-10-06,7301.0,7380.0,7251.05,7379.85,7352.8,31620.0,2318.42
2017-10-09,7354.9,7379.0,7283.0,7285.0,7295.15,12400.0,907.06
2017-10-10,7347.0,7347.0,7271.5,7289.5,7288.25,16879.0,1232.05
2017-10-11,7295.0,7318.95,7254.45,7290.0,7288.8,34570.0,2520.93
2017-10-12,7300.0,7483.0,7289.0,7384.85,7380.9,73945.0,5481.17
2017-10-13,7380.0,7400.0,7319.35,7355.25,7345.4,180633.0,13269.03
2017-10-16,7305.0,7399.0,7265.05,7281.45,7282.85,20309.0,1487.91
2017-10-17,7299.9,7388.0,7236.05,7361.2,7373.95,17809.0,1303.63
2017-10-18,7373.0,7373.0,7221.35,7300.0,7245.75,15678.0,1140.07
2017-10-19,7285.0,7299.95,7182.8,7229.0,7216.2,3810.0,275.69
2017-10-23,7250.0,7324.95,7202.0,7221.6,7216.2,60706.0,4419.67
2017-10-24,7277.0,7277.0,7200.05,7213.0,7238.55,7616.0,551.34
2017-10-25,7260.0,7260.0,7117.25,7160.0,7153.4,25934.0,1865.1
2017-10-26,7179.0,7198.65,7110.05,7125.0,7144.9,160226.0,11454.88
2017-10-27,7173.5,7210.0,7128.05,7160.0,7170.65,17586.0,1264.88
2017-10-30,7180.0,7238.95,7180.0,7206.0,7219.65,20204.0,1458.3
2017-10-31,7239.0,7300.0,7191.1,7206.2,7239.0,28985.0,2099.78
2017-11-01,7264.0,7382.9,7203.3,7350.0,7317.7,48889.0,3572.89
2017-11-02,7329.95,7350.0,7260.85,7290.2,7287.85,19811.0,1446.54
2017-11-03,7300.0,7436.0,7160.0,7420.0,7413.45,95153.0,6938.56
2017-11-06,7413.45,7740.0,7287.9,7630.0,7594.45,108302.0,8242.39
2017-11-07,7600.0,7773.95,7600.0,7680.15,7695.5,83339.0,6413.36
2017-11-08,7621.0,7897.0,7621.0,7800.0,7828.75,89736.0,7025.56
2017-11-09,7828.95,7898.6,7773.0,7800.0,7799.3,136442.0,10675.55
2017-11-10,7820.0,7862.9,7640.15,7790.0,7785.25,63886.0,4957.51
2017-11-13,7945.95,7974.15,7648.05,7695.05,7719.85,55712.0,4321.65
2017-11-14,7720.1,7783.9,7610.05,7656.95,7640.65,24703.0,1898.92
2017-11-15,7660.0,7775.0,7543.05,7757.5,7721.1,103007.0,7887.9
2017-11-16,7736.5,7823.8,7625.45,7634.25,7643.15,30278.0,2338.91
2017-11-17,7670.6,7789.95,7660.0,7680.0,7690.35,15179.0,1167.86
2017-11-20,7690.35,7827.0,7676.0,7715.65,7724.75,37582.0,2912.71
2017-11-21,7710.05,7773.0,7710.05,7723.0,7744.35,20423.0,1580.54
2017-11-22,7747.0,7747.0,7585.15,7606.0,7606.4,55610.0,4247.86
2017-11-23,7653.0,7653.0,7590.0,7590.0,7604.75,28130.0,2140.54
2017-11-24,7630.95,7632.25,7475.0,7504.95,7502.25,55095.0,4149.06
2017-11-27,7501.2,7543.8,7435.0,7464.1,7494.25,25418.0,1903.19
2017-11-28,7529.95,7550.0,7462.7,7488.95,7497.8,46999.0,3529.07
2017-11-29,7421.0,7569.0,7420.0,7492.0,7510.45,68922.0,5168.09
2017-11-30,7480.0,7700.0,7471.65,7664.0,7663.5,97354.0,7415.85
2017-12-01,7659.95,7753.0,7630.05,7709.9,7696.45,41006.0,3165.71
2017-12-04,7729.9,7739.0,7633.45,7680.15,7705.35,33738.0,2596.47
2017-12-05,7704.9,7744.6,7643.75,7688.0,7691.1,34970.0,2688.91
2017-12-06,7690.0,7750.0,7679.1,7707.0,7708.65,76748.0,5925.62
2017-12-07,7725.0,7870.1,7701.45,7825.0,7817.0,69843.0,5448.92
2017-12-08,7800.0,7988.95,7795.05,7930.0,7921.05,81419.0,6446.01
2017-12-11,7899.95,7940.0,7842.0,7905.0,7872.65,40636.0,3201.14
2017-12-12,7884.0,7950.0,7848.05,7908.0,7932.75,40336.0,3187.56
2017-12-13,7920.05,7962.85,7851.0,7900.0,7935.8,25587.0,2025.46
2017-12-14,8035.0,8039.05,7815.5,7869.0,7876.85,30413.0,2401.5
2017-12-15,7900.0,7900.0,7834.0,7843.0,7848.7,61916.0,4862.82
2017-12-18,7850.0,7949.0,7694.95,7925.0,7929.0,19901.0,1568.29
2017-12-19,7949.0,7949.0,7875.0,7890.0,7897.25,27899.0,2204.44
2017-12-20,7915.0,7999.0,7899.1,7940.0,7945.25,40908.0,3256.45
2017-12-21,7950.7,7971.1,7890.0,7899.95,7899.45,20099.0,1590.56
2017-12-22,7899.45,7928.75,7840.0,7887.95,7883.3,22437.0,1766.71
2017-12-26,7884.45,7908.0,7808.85,7825.0,7828.5,15964.0,1252.5
2017-12-27,7864.0,7864.0,7712.2,7739.95,7740.55,14190.0,1102.57
2017-12-28,7800.0,7825.0,7675.0,7712.0,7733.0,18317.0,1421.63
2017-12-29,7715.65,7909.0,7715.65,7851.05,7870.9,30527.0,2389.1
2018-01-01,7900.0,7901.6,7828.6,7880.0,7863.2,6606.0,519.18
2018-01-02,7855.0,7923.05,7843.0,7883.0,7863.55,65613.0,5175.36
2018-01-03,7900.0,7935.0,7850.15,7860.0,7860.1,27948.0,2201.22
2018-01-04,7865.0,7902.2,7839.0,7864.0,7869.25,27902.0,2198.27
2018-01-05,7846.3,7884.0,7841.0,7845.0,7856.75,9970.0,783.0
2018-01-08,7830.0,7968.55,7830.0,7931.05,7941.15,35919.0,2842.82
2018-01-09,7941.15,7968.85,7688.0,7795.0,7779.25,58444.0,4563.57
2018-01-10,7850.0,7866.6,7779.3,7853.55,7846.65,22046.0,1726.04
2018-01-11,7854.8,7910.0,7808.35,7884.7,7874.3,47060.0,3711.17
2018-01-12,7878.0,7900.05,7745.05,7787.0,7789.25,32341.0,2527.17
2018-01-15,7815.0,7860.0,7745.0,7754.0,7757.95,26404.0,2052.44
2018-01-16,7760.0,7824.95,7722.0,7800.0,7774.6,27957.0,2175.38
2018-01-17,7799.7,7815.0,7676.6,7765.0,7761.9,70240.0,5438.85
2018-01-18,7830.0,7830.0,7686.6,7760.0,7736.2,30001.0,2333.6
2018-01-19,7800.0,7800.0,7667.0,7672.0,7680.65,19037.0,1467.53
2018-01-22,7667.55,7715.0,7640.15,7650.0,7667.0,31062.0,2382.59
2018-01-23,7699.0,7699.0,7585.0,7585.0,7599.7,36738.0,2798.59
2018-01-24,7630.0,7633.95,7548.5,7600.0,7592.9,15863.0,1204.44
2018-01-25,7553.0,7625.6,7433.0,7460.0,7490.75,37438.0,2825.85
2018-01-29,7530.0,7586.95,7460.0,7518.95,7530.85,46573.0,3508.8
2018-01-30,7520.0,7521.25,7405.05,7467.4,7455.9,28872.0,2149.38
2018-01-31,7483.95,7514.0,7416.2,7460.0,7469.15,24839.0,1854.72
2018-02-01,7499.0,7536.95,7280.0,7371.0,7310.85,106395.0,7815.04
2018-02-02,7300.0,7415.0,7125.0,7136.45,7135.45,64413.0,4651.55
2018-02-05,7130.0,7199.0,6997.65,7130.0,7134.7,55575.0,3958.26
2018-02-06,7000.0,7035.1,6985.0,7015.0,7016.3,68219.0,4779.32
2018-02-07,7097.95,7116.0,6975.8,6989.0,7007.0,40086.0,2828.71
2018-02-08,7014.0,7094.0,6887.25,7010.0,6986.0,68289.0,4780.06
2018-02-09,6973.0,7033.2,6922.2,7005.0,6969.65,74532.0,5212.29
2018-02-12,6998.0,7199.0,6994.05,7150.0,7141.9,104885.0,7476.66
2018-02-14,7200.0,7384.2,7162.0,7255.0,7264.95,117449.0,8548.91
2018-02-15,7500.0,7645.0,7427.05,7550.0,7583.2,354436.0,26775.8
2018-02-16,7650.0,7720.0,7575.0,7587.0,7592.85,76991.0,5881.45
2018-02-19,7630.0,7630.0,7490.05,7510.0,7506.7,50746.0,3813.05
2018-02-20,7520.0,7605.95,7520.0,7579.75,7572.65,49865.0,3782.45
2018-02-21,7579.0,7618.6,7570.5,7593.0,7597.55,73367.0,5570.35
2018-02-22,7599.0,7658.9,7479.25,7509.3,7543.3,94421.0,7176.3
2018-02-23,7573.0,7618.95,7526.1,7575.0,7582.8,66464.0,5046.23
2018-02-26,7615.0,7650.0,7562.15,7625.0,7625.25,65894.0,5020.2
2018-02-27,7644.0,7794.0,7620.0,7760.95,7759.95,69883.0,5416.97
2018-02-28,7759.0,7874.0,7718.95,7730.0,7761.65,75576.0,5891.99
2018-03-01,7777.0,7876.0,7777.0,7849.7,7849.4,61086.0,4796.91
2018-03-05,7880.0,7880.0,7695.2,7700.0,7714.0,63643.0,4955.37
2018-03-06,7763.4,7780.0,7650.0,7690.0,7688.85,62306.0,4808.41
2018-03-07,7709.9,7798.0,7650.35,7730.0,7704.45,61388.0,4755.52
2018-03-08,7788.0,7788.0,7700.0,7719.55,7710.05,49994.0,3866.35
2018-03-09,7767.5,7767.5,7642.0,7649.85,7657.35,104310.0,7995.24
2018-03-12,7694.8,7709.0,7566.0,7612.05,7619.0,28943.0,2206.93
2018-03-13,7619.0,7784.0,7615.7,7690.0,7700.25,65859.0,5078.57
2018-03-14,7701.0,7715.95,7616.75,7655.95,7647.75,64620.0,4938.43
2018-03-15,7729.0,7739.0,7605.2,7723.0,7719.85,65489.0,5053.38
2018-03-16,7750.0,7757.95,7670.1,7699.95,7695.35,176601.0,13588.86
2018-03-19,7722.55,7724.95,7627.5,7670.0,7663.3,66918.0,5127.14
2018-03-20,7699.9,7875.0,7663.7,7860.6,7841.45,135487.0,10582.26
2018-03-21,7889.0,7965.0,7795.05,7815.0,7853.25,75926.0,6011.89
2018-03-22,7848.0,7916.0,7817.35,7840.0,7840.75,60100.0,4733.23
2018-03-23,7800.0,7836.65,7759.6,7790.0,7793.8,97274.0,7582.86
2018-03-26,7827.0,7918.95,7760.0,7836.05,7829.05,62461.0,4893.8
2018-03-27,7899.95,8154.0,7861.0,8136.15,8112.7,125000.0,10053.0
2018-03-28,8155.0,8250.0,8121.0,8209.0,8203.55,124076.0,10164.6
2018-04-02,8199.85,8340.0,8169.95,8282.1,8308.95,61024.0,5053.0
2018-04-03,8299.9,8379.9,8279.95,8349.9,8343.95,60612.0,5053.0
2018-04-04,8322.0,8399.0,8312.0,8312.0,8351.05,66915.0,5597.39
2018-04-05,8388.65,8408.0,8361.05,8393.0,8384.25,36648.0,3072.07
2018-04-06,8384.25,8400.55,8315.0,8346.25,8346.95,38544.0,3218.54
2018-04-09,8350.0,8398.0,8330.1,8344.0,8382.25,54041.0,4529.14
2018-04-10,8399.75,8556.8,8380.0,8499.0,8499.1,59706.0,5048.88
2018-04-11,8499.6,8506.7,8378.2,8461.85,8476.35,36711.0,3106.06
2018-04-12,8446.0,8685.0,8383.0,8678.0,8636.95,83815.0,7177.65
2018-04-13,8650.05,8740.0,8607.05,8718.35,8687.5,50680.0,4403.55
2018-04-16,8704.5,8780.0,8650.0,8750.0,8749.4,87657.0,7673.66
2018-04-17,8784.5,9049.0,8776.0,8997.0,9013.6,117758.0,10541.27
2018-04-18,8981.1,9118.95,8950.2,8975.0,8975.25,47494.0,4294.5
2018-04-19,8975.85,9198.0,8964.0,9182.7,9145.55,67268.0,6091.58
2018-04-20,9175.0,9250.0,9125.0,9150.0,9162.0,43195.0,3966.22
2018-04-23,9161.1,9182.15,8880.05,8950.0,8905.35,67578.0,6093.18
2018-04-24,8919.9,9020.85,8808.15,8838.45,8822.05,51022.0,4528.21
2018-04-25,8820.0,8908.3,8660.05,8790.0,8734.55,84260.0,7412.3
2018-04-26,8799.85,9190.0,8770.1,9015.0,9042.95,132498.0,12012.15
2018-04-27,9015.2,9129.8,9006.0,9077.0,9061.7,38931.0,3525.38
2018-04-30,9100.0,9448.0,9063.95,9400.0,9396.55,66876.0,6228.41
2018-05-02,9405.0,9497.0,9184.7,9200.0,9201.25,62931.0,5852.04
2018-05-03,9272.0,9289.9,9055.1,9080.0,9098.65,46201.0,4232.62
2018-05-04,9140.2,9157.95,9084.7,9125.0,9111.4,33795.0,3080.53
2018-05-07,9114.05,9174.0,9015.1,9091.0,9092.7,57050.0,5186.14
2018-05-08,9175.0,9175.0,9082.1,9115.0,9117.7,91703.0,8356.36
2018-05-09,9070.2,9169.0,9070.2,9169.0,9120.75,24599.0,2242.97
2018-05-10,9139.0,9215.05,8934.65,8985.0,8981.55,44274.0,4014.47
2018-05-11,9240.0,9619.7,9150.0,9482.05,9523.0,208693.0,19737.28
2018-05-14,9523.0,9622.45,9502.0,9574.85,9571.4,49576.0,4735.77
2018-05-15,9600.0,9640.0,9475.0,9565.0,9565.2,88137.0,8441.16
2018-05-16,9544.95,9649.9,9460.45,9601.15,9628.0,50709.0,4857.46
2018-05-17,9645.0,9889.95,9548.0,9660.1,9705.85,82957.0,8065.04
2018-05-18,9690.0,9809.0,9635.15,9660.0,9683.5,85659.0,8357.88
2018-05-21,9690.0,9750.0,9466.05,9484.0,9486.35,41497.0,3979.27
2018-05-22,9505.0,9650.0,9437.6,9644.0,9634.25,53911.0,5136.8
2018-05-23,9643.65,9719.7,9610.2,9634.0,9641.3,36962.0,3565.35
2018-05-24,9649.9,9711.95,9629.0,9658.05,9665.35,29401.0,2842.85
2018-05-25,9657.9,9799.0,9634.05,9711.0,9734.8,30723.0,2988.37
2018-05-28,9715.0,9775.0,9636.05,9649.95,9659.05,36871.0,3578.65
2018-05-29,9602.0,9649.0,9480.0,9517.0,9512.3,43914.0,4187.77
2018-05-30,9578.0,9605.0,9500.0,9529.3,9530.05,59099.0,5638.96
2018-05-31,9559.9,9799.0,9550.0,9690.0,9654.0,149624.0,14461.43
2018-06-01,9669.0,9999.0,9643.7,9885.0,9898.55,148674.0,14715.06
2018-06-04,10000.0,10000.0,9773.3,9832.15,9817.0,37046.0,3668.22
2018-06-05,9819.25,9840.0,9490.0,9590.0,9535.65,62074.0,5979.97
2018-06-06,9599.0,9797.0,9560.35,9760.0,9760.35,38522.0,3744.08
2018-06-07,9819.95,9839.9,9730.2,9800.0,9787.45,45248.0,4425.52
2018-06-08,9799.95,9964.95,9760.05,9882.5,9888.85,58211.0,5756.22
2018-06-11,9887.95,10060.45,9880.0,9920.0,9916.75,43431.0,4319.84
2018-06-12,9939.0,9946.5,9820.0,9836.0,9834.25,27119.0,2675.87
2018-06-13,9890.0,9890.0,9790.0,9830.0,9837.05,29531.0,2902.86
2018-06-14,9836.05,9859.95,9740.0,9755.0,9756.75,29254.0,2860.94
2018-06-15,9760.0,9774.9,9675.0,9750.0,9742.5,76681.0,7458.83
2018-06-18,9700.0,9790.6,9572.8,9590.0,9618.55,46772.0,4529.85
2018-06-19,9998.8,9998.8,9500.15,9656.0,9618.35,67392.0,6486.57
2018-06-20,9665.0,9749.9,9640.1,9722.1,9725.05,59286.0,5759.31
2018-06-21,9750.05,9913.95,9712.55,9836.7,9850.4,43772.0,4304.59
2018-06-22,9840.0,9912.95,9760.0,9897.0,9871.05,36004.0,3550.2
2018-06-25,9850.1,9998.0,9841.4,9920.0,9894.9,52008.0,5157.03
2018-06-26,9929.8,10180.0,9862.55,10038.0,10084.5,136320.0,13701.5
2018-06-27,10109.0,10198.0,9952.8,9989.35,9999.35,82424.0,8323.92
2018-06-28,10028.0,10095.0,9724.55,9799.0,9772.5,72930.0,7203.2
2018-06-29,9898.0,9898.0,9777.0,9815.0,9810.1,63369.0,6226.12
2018-07-02,9890.0,9890.0,9730.3,9765.0,9765.15,35905.0,3514.77
2018-07-03,9823.95,9838.9,9727.65,9799.95,9784.65,55736.0,5459.34
2018-07-04,9806.0,9890.0,9772.0,9873.9,9862.7,25385.0,2493.08
2018-07-05,9924.65,9989.95,9890.05,9988.85,9957.05,16910.0,1680.88
2018-07-06,9949.75,10059.75,9924.45,9938.0,9943.05,36543.0,3652.85
2018-07-09,9999.0,9999.0,9888.05,9900.0,9899.45,14698.0,1457.46
2018-07-10,9905.0,10059.95,9905.0,10021.2,10005.25,39314.0,3929.21
2018-07-11,10021.0,10286.75,9954.0,10190.0,10190.65,55387.0,5621.16
2018-07-12,10248.0,10250.5,10001.3,10051.05,10029.05,35569.0,3593.49
2018-07-13,10100.0,10220.1,10074.95,10195.0,10142.0,37091.0,3763.08
2018-07-16,10199.9,10237.15,10150.0,10210.0,10200.7,26933.0,2744.26
2018-07-17,10202.0,10549.0,10190.0,10521.2,10511.75,85919.0,8934.41
2018-07-18,10530.0,10550.1,10282.15,10380.0,10393.55,74032.0,7722.68
2018-07-19,10415.05,10449.5,10222.1,10298.45,10289.3,42226.0,4345.48
2018-07-20,10295.15,10419.95,10200.0,10350.0,10348.2,43278.0,4462.25
2018-07-23,10403.0,10447.0,10325.05,10380.0,10393.4,19721.0,2047.68
2018-07-24,10402.0,10462.1,10252.2,10285.0,10290.55,32079.0,3311.67
2018-07-25,10309.75,10351.4,10200.0,10218.0,10233.6,23010.0,2366.4
2018-07-26,10203.05,10360.0,10203.05,10350.0,10323.9,28834.0,2973.54
2018-07-27,10380.0,10412.4,10168.5,10293.5,10284.15,33320.0,3430.2
2018-07-30,10299.95,10300.0,10084.7,10094.0,10122.4,35115.0,3563.05
2018-07-31,10179.9,10580.0,10111.25,10580.0,10530.4,70114.0,7301.53
2018-08-01,10600.0,10950.8,10551.05,10950.0,10836.85,69806.0,7469.48
2018-08-02,10850.0,10860.0,10603.4,10744.95,10759.5,34515.0,3704.54
2018-08-03,10810.0,10832.0,10210.0,10340.2,10324.6,165670.0,17434.81
2018-08-06,10500.0,10659.3,10400.1,10519.0,10534.65,58802.0,6200.18
2018-08-07,10604.0,10650.0,10500.0,10540.0,10537.8,37286.0,3937.85
2018-08-08,10580.6,10831.0,10577.15,10760.0,10766.35,69638.0,7457.95
2018-08-09,10767.0,10970.0,10767.0,10930.0,10882.45,81646.0,8882.42
2018-08-10,10900.0,10957.0,10650.0,10690.0,10686.05,57383.0,6181.57
2018-08-13,10660.0,10935.0,10615.15,10839.95,10851.25,52999.0,5738.0
2018-08-14,10852.0,10951.0,10780.1,10850.25,10856.95,37356.0,4069.06
2018-08-16,10850.0,10955.0,10803.0,10887.95,10857.25,49171.0,5357.15
2018-08-17,10887.0,10920.0,10785.0,10887.15,10873.0,58903.0,6395.07
2018-08-20,10920.0,10948.0,10811.3,10838.0,10841.05,41321.0,4500.01
2018-08-21,10859.0,10990.0,10830.0,10874.2,10886.4,62485.0,6805.17
2018-08-23,10948.0,11585.0,10947.4,11516.0,11544.05,194040.0,22028.15
2018-08-24,11486.0,11541.75,11303.3,11394.4,11362.7,49459.0,5631.3
2018-08-27,11410.0,11532.8,11273.0,11350.0,11333.35,47997.0,5469.23
2018-08-28,11399.85,11428.9,11308.45,11346.0,11326.1,28097.0,3189.15
2018-08-29,11358.0,11522.0,11269.15,11270.0,11299.3,62350.0,7088.59
2018-08-30,11302.0,11401.75,11257.7,11285.0,11286.4,83213.0,9400.41
2018-08-31,11287.0,11705.0,11287.0,11570.0,11582.25,185968.0,21502.49
2018-09-03,11679.95,11679.95,11251.2,11278.0,11277.9,59462.0,6749.88
2018-09-04,11330.0,11345.5,10779.45,10825.3,10841.2,81569.0,8913.95
2018-09-05,10838.95,10838.95,10175.0,10389.0,10386.05,129802.0,13507.04
2018-09-06,10458.0,10560.0,10247.0,10342.0,10335.55,90549.0,9407.47
2018-09-07,10370.0,10650.0,10305.55,10470.0,10446.55,112689.0,11817.44
2018-09-10,10450.0,10515.0,10275.15,10340.0,10330.3,37274.0,3861.73
2018-09-11,10300.0,10385.0,10001.0,10024.95,10047.7,60262.0,6092.23
2018-09-12,10080.0,10453.8,10023.0,10430.0,10354.0,100962.0,10430.85
2018-09-14,10457.5,10572.0,10302.8,10348.0,10335.45,93400.0,9709.84
2018-09-17,10348.0,10722.7,10115.0,10190.0,10175.05,30582.0,3123.49
2018-09-18,10247.0,10430.0,10191.55,10332.55,10243.55,37699.0,3891.85
2018-09-19,10364.0,10501.0,10104.0,10183.7,10145.0,38006.0,3876.59
2018-09-21,10209.0,10258.9,9199.95,9820.0,9749.6,152670.0,14920.91
2018-09-24,9878.0,9898.6,9615.0,9690.0,9662.5,31895.0,3099.71
2018-09-25,9625.05,9844.1,9390.0,9707.0,9697.35,87995.0,8491.29
2018-09-26,9799.9,9833.0,9549.5,9796.95,9729.35,57887.0,5573.96
2018-09-27,9796.0,9835.0,9488.5,9700.0,9578.65,83560.0,8041.84
2018-09-28,9720.0,9813.0,9559.35,9680.05,9699.65,115954.0,11227.32
2018-10-01,9723.95,9750.45,9466.5,9610.0,9609.65,53328.0,5095.68
2018-10-03,9600.0,9600.0,9320.1,9359.0,9343.8,86534.0,8162.62
2018-10-04,9180.0,9449.6,9113.8,9350.0,9347.95,82801.0,7692.68
2018-10-05,9340.0,9500.0,9145.3,9350.0,9418.9,103232.0,9585.86
2018-10-08,9418.95,9479.15,9216.45,9345.0,9380.75,75687.0,7096.91
2018-10-09,9380.75,9610.25,9257.05,9480.0,9491.95,81173.0,7642.97
2018-10-10,9480.05,9650.0,9407.75,9500.0,9510.25,54171.0,5177.99
2018-10-11,9300.0,9449.95,9047.05,9425.0,9384.4,91371.0,8451.69
2018-10-12,9460.0,9779.4,9430.9,9682.0,9699.85,106845.0,10268.58
2018-10-15,9730.0,9730.0,9559.0,9634.0,9655.9,35037.0,3379.18
2018-10-16,9659.95,9763.65,9636.2,9730.0,9737.5,49375.0,4797.08
2018-10-17,9800.0,9860.0,9684.4,9771.0,9725.35,45581.0,4447.9
2018-10-19,9676.2,9695.15,9480.0,9620.0,9609.05,69090.0,6627.12
2018-10-22,9710.0,9757.75,9620.0,9630.0,9641.0,114558.0,11084.37
2018-10-23,9301.5,9550.0,9300.0,9414.9,9352.45,92419.0,8705.43
2018-10-24,9440.05,9623.5,9436.0,9580.65,9534.2,99288.0,9452.45
2018-10-25,9500.0,9769.95,9424.5,9650.0,9538.25,123822.0,11775.15
2018-10-26,9588.5,9710.0,9467.55,9540.0,9569.45,71663.0,6886.61
2018-10-29,9759.0,9860.8,9600.0,9646.0,9683.15,239463.0,23344.4
2018-10-30,9688.0,9764.95,9612.5,9683.1,9718.45,62706.0,6097.63
2018-10-31,9800.0,10198.3,9725.0,10130.0,10147.85,162484.0,16215.13
2018-11-01,10239.0,10315.6,9903.5,9931.0,9969.5,77413.0,7858.93
2018-11-02,10069.9,10349.0,9990.05,10230.0,10229.65,91546.0,9356.79
2018-11-05,10234.5,10400.0,10163.05,10320.0,10332.65,60163.0,6209.83
2018-11-06,10335.05,10422.1,10081.3,10120.0,10160.25,39829.0,4073.21
2018-11-07,10250.0,10250.05,10150.25,10225.0,10220.4,3465.0,353.89
2018-11-09,10284.0,10375.0,10153.3,10202.2,10226.0,55600.0,5699.28
2018-11-12,10249.85,10350.0,10087.85,10150.0,10124.55,36475.0,3724.73
2018-11-13,10135.0,10238.1,10079.65,10150.0,10144.1,20798.0,2110.65
2018-11-14,10156.0,10440.05,10156.0,10391.25,10394.35,89492.0,9196.52
2018-11-15,10394.4,10517.1,10315.1,10440.35,10463.8,93404.0,9748.02
2018-11-16,10500.0,10735.0,10475.65,10689.95,10687.25,114490.0,12147.31
2018-11-19,10786.0,10798.9,10138.55,10500.0,10342.65,143391.0,14793.22
2018-11-20,10384.0,10508.8,10172.0,10249.0,10254.65,52173.0,5379.69
2018-11-21,10300.0,10349.0,10181.15,10295.0,10238.3,41562.0,4254.17
2018-11-22,10306.9,10448.7,10220.1,10310.0,10303.25,50964.0,5273.68
2018-11-26,10325.0,10490.0,10325.0,10450.0,10453.25,46014.0,4804.42
2018-11-27,10450.0,10563.1,10370.0,10544.0,10518.4,38216.0,4018.77
2018-11-28,10580.0,10739.0,10543.45,10710.25,10698.7,88968.0,9495.76
2018-11-29,10777.0,10777.0,10387.0,10610.0,10606.45,178126.0,18858.85
2018-11-30,10700.0,10890.4,10594.65,10870.0,10764.85,71175.0,7634.9
2018-12-03,10819.2,10868.95,10645.0,10764.1,10745.65,65561.0,7026.53
2018-12-04,10725.2,10783.1,10556.0,10575.05,10589.0,51632.0,5488.72
2018-12-05,10550.0,10589.0,10440.0,10478.0,10488.45,85798.0,9006.89
2018-12-06,10448.2,10448.2,10232.0,10340.0,10309.35,43562.0,4490.5
2018-12-07,10330.0,10539.95,10330.0,10405.0,10404.6,57802.0,6033.18
2018-12-10,10300.0,10438.9,10275.05,10390.0,10398.9,94778.0,9832.21
2018-12-11,10357.0,10799.0,10322.3,10633.0,10634.55,54766.0,5819.39
2018-12-12,10635.2,10895.0,10583.95,10849.95,10844.75,90657.0,9820.85
2018-12-13,10950.0,11198.35,10890.0,11000.0,10996.55,76137.0,8378.04
2018-12-14,11034.0,11174.85,10918.4,10970.0,10985.9,62728.0,6918.11
2018-12-17,11005.0,11312.95,11004.95,11170.55,11170.6,98550.0,11060.77
2018-12-18,11173.0,11300.0,11023.6,11081.05,11094.0,67019.0,7456.65
2018-12-19,11199.9,11230.0,11112.05,11210.05,11174.3,136306.0,15222.41
2018-12-20,11150.05,11425.0,11150.05,11240.0,11232.55,57925.0,6537.89
2018-12-21,11264.7,11323.75,10958.5,11055.0,11010.4,66291.0,7310.94
2018-12-24,11056.0,11222.0,10835.55,10973.95,10923.35,34191.0,3774.38
2018-12-26,10965.0,10987.0,10745.0,10780.0,10770.05,37172.0,4015.51
2018-12-27,10849.0,10969.0,10800.1,10936.75,10942.85,52311.0,5695.71
2018-12-28,10994.0,11396.65,10931.1,11267.6,11258.6,56636.0,6308.56
2018-12-31,11300.0,11358.0,11025.0,11097.0,11084.85,46430.0,5168.79
2019-01-01,11150.0,11170.4,10989.95,10995.0,11015.05,31709.0,3504.89
2019-01-02,10980.5,11160.0,10907.05,11111.0,11035.4,28167.0,3110.34
2019-01-03,11111.0,11499.0,10999.9,11239.9,11207.15,169291.0,19114.96
2019-01-04,11139.0,11198.9,10655.55,10825.4,10851.2,206163.0,22569.02
